ticker,label,section,harmonized_name,application_count,reason
NVDA,NVIDIA,matched,NVIDIA CORP,8469,
NVDA,NVIDIA,matched,NVIDIA INTERNATIONAL INC,16,
NVDA,NVIDIA,matched,NVIDIA,11,
NVDA,NVIDIA,matched,NVIDIA TECHNOLOGY UK LTD,10,
NVDA,NVIDIA,matched,NVIDIA U S INVEST COMPANY,6,
NVDA,NVIDIA,matched,NVIDIA TECH UK LTD,2,
NVDA,NVIDIA,matched,NVIDIA US INVEST COMPANY,2,
NVDA,NVIDIA,matched,NVIDIA Corporaton,2,
NVDA,NVIDIA,matched,NVIDIA CORPORTION,1,
NVDA,NVIDIA,matched,NVIDIA US INVESTMENT CO,1,
NVDA,NVIDIA,matched,NVIDIA Corporatin,1,
NVDA,NVIDIA,matched,NVIDIA DENMARK APS,1,
NVDA,NVIDIA,matched,NVIDIA US INVEST CO,1,
AMD,AMD,matched,ADVANCED MICRO DEVICES INC,14651,
AMD,AMD,matched,ADVANCED MICRO DEVICES INC AMD,9,
AMD,AMD,matched,ADVANCED MICRO DEVICES SHANGHAI CO LTD,8,
AMD,AMD,matched,ADVANCED MICRO DEVICES CORP,3,
AMD,AMD,matched,ADVANCED MICRO DEVICES IN,2,
AMD,AMD,matched,ADVANCED MICRO DEVICES PRODUCTS CHINA CO LTD,1,
AMD,AMD,matched,ADVANCED MICRO DEVICES PRODUCTS (CHINA) CO LTD,1,
AMD,AMD,matched,ADVANCED MICRO DEVICES INCS,1,
AMD,AMD,matched,ADVANCED MICRO DEVICES INC & LDQUO AMD & RDQUO,1,
AMD,AMD,matched,ADVANCED MICRO DEVICES AMD,1,
AMD,AMD,matched,ADVANCED MICRO DEVICES PTE LTD,1,
AMD,AMD,matched,ADVANCED MICRO DEVICES INS,1,
AMD,AMD,matched,ADVANCED MICRO DEVICES LTD,1,
AMD,AMD,matched,ADVANCED MICRO DEVICES CO LTD SHANGHAI,1,
AMD,AMD,matched,ADVANCED MICRO DEVICES LLP,1,
AMD,AMD,matched,ADVANCED MICRO DEVICES INC AND SPANSION LLC,1,
AMD,AMD,matched,ADVANCED MICRO DEVICES S PTE L,1,
AMD,AMD,matched,ADVANCED MICRO DEVICES INC.,1,
AMD,AMD,matched,ADVANCED MICRO DEVICES I NC,1,
AMD,AMD,matched,ADVANCED MICRO DEVICES (SHANGHAI) CO LTD,1,
MRVL,Marvell,matched,MARVELL INT LTD,5273,
MRVL,Marvell,matched,MARVELL WORLD TRADE LTD,2042,
MRVL,Marvell,matched,MARVELL ASIA PTE LTD,1255,
MRVL,Marvell,matched,MARVELL ISRAEL MISL LTD,495,
MRVL,Marvell,matched,MARVELL INT TECHNOLOGY LTD,119,
MRVL,Marvell,matched,MARVELL ISRAEL (M I S L) LTD,61,
MRVL,Marvell,matched,MARVELL SEMICONDUCTOR ISRAEL,42,
MRVL,Marvell,matched,MARVELL HISPANIA S L U,21,
MRVL,Marvell,matched,MARVELL ISRAEL (M I S L ) LTD,14,
MRVL,Marvell,matched,MARVELL SEMICONDUCTOR INC,10,
MRVL,Marvell,matched,MARVELL TECHNOLOGY GROUP LTD,9,
MRVL,Marvell,matched,MARVELLUM COMPANY,7,
MRVL,Marvell,matched,MARVELL HISPANIA SL,5,
MRVL,Marvell,matched,MARVELL INTERNATIONAL INC,4,
MRVL,Marvell,matched,MARVELL ASIA PTE LTD REGISTRATION NO 199702379M,3,
MRVL,Marvell,matched,MARVELL ISREAL M I S L LTD,3,
MRVL,Marvell,matched,MARVELL ISRAEL M L S L LTD,3,
MRVL,Marvell,matched,MARVELL KRISTAN,3,
MRVL,Marvell,matched,MARVELL RIANTA SEMICONDUCTOR ULC,2,
MRVL,Marvell,matched,MARVELL ISRAEL (MISL) LTD,2,
MRVL,Marvell,matched,MARVELLOUS TECHNOLOGY CO LTD,2,
MRVL,Marvell,matched,MARVELL INT TECH LTD,2,
MRVL,Marvell,matched,MARVELL WILLIAM E,2,
MRVL,Marvell,matched,MARVELL ISRAEL M I S L,2,
MRVL,Marvell,matched,MARVELL INTERNAT,2,
MRVL,Marvell,matched,MARVELL TECHNOLOGY GROUP,2,
MRVL,Marvell,matched,MARVELL WORD TRADE LTD,2,
MRVL,Marvell,matched,MARVELL INTERNAT TECHNOLOGIES,2,
MRVL,Marvell,matched,MARVELLY JOHN DUNSTAN,2,
MRVL,Marvell,matched,MARVELL ISRAEL LTD,2,
MRVL,Marvell,matched,MARVELL ASIE PTE LTD,1,
MRVL,Marvell,matched,MARVELL ISRAEL (M L S L) LTD,1,
MRVL,Marvell,matched,MARVELL WOLD TRADE LTD,1,
MRVL,Marvell,matched,MARVELL SEMICONDUCTOR ISREAEL,1,
MRVL,Marvell,matched,MARVELL TECHNOLOGY JAPAN Y K,1,
MRVL,Marvell,matched,MARVELL ISRALE M I S L LTD,1,
MRVL,Marvell,matched,MARVELL ASIA PTE,1,
MRVL,Marvell,matched,MARVELL INERNAT LTD,1,
MRVL,Marvell,matched,MARVELL INTENTIONAL LTD,1,
MRVL,Marvell,matched,MARVELL SEMICONDUCTOR,1,
MRVL,Marvell,matched,MARVELLOUS DAY INDUSTRIAL INTERNATIONAL LTD,1,
MRVL,Marvell,matched,MARVELL INTERNATONAL LTD,1,
MRVL,Marvell,matched,MARVELL GOVERNMENT SOLUTIONS LLC,1,
MRVL,Marvell,matched,MARVELL INTERNTIONAL LTD,1,
MRVL,Marvell,matched,MARVELL D S P C LTD,1,
MRVL,Marvell,matched,MARVELLA CORP,1,
MRVL,Marvell,matched,MARVELLI RICHARD,1,
MRVL,Marvell,matched,MARVELLE M MEYDAM,1,
MRVL,Marvell,matched,MARVELL WORLD TRADER LTD,1,
MRVL,Marvell,matched,MARVELLE SAUNDERS,1,
MRVL,Marvell,matched,MARVELL INTENAT LTD,1,
MRVL,Marvell,matched,MARVELL INTERNAT LTD ARGYLE HO,1,
MRVL,Marvell,matched,MARVELL SEMICONDUCTOR INTERNAT,1,
MRVL,Marvell,matched,MARVELL LUTERNAT LTD,1,
MRVL,Marvell,matched,MARVELL WORLD TRADE LTD ST MICHAEL,1,
MRVL,Marvell,matched,MARVELL SEMICONDUCTOR ISRAEL LTD,1,
MRVL,Marvell,matched,MARVELL ISRAEL M I S I LTD,1,
MRVL,Marvell,matched,MARVELL WORLD TRAVEL LTD,1,
MRVL,Marvell,matched,MARVELL AISA PTE LTD,1,
MRVL,Marvell,matched,MARVELLWORLD TRADE LTD,1,
MRVL,Marvell,matched,MARVELL WORLD TRADE INTERNAT,1,
MRVL,Marvell,matched,MARVELL INT LLC,1,
MRVL,Marvell,matched,MARVELL WORLD TRADE LID,1,
MRVL,Marvell,matched,MARVELL ISRAEL MIL LTD,1,
MRVL,Marvell,matched,MARVELL INTERNAT TECNOLOGY LTD,1,
MRVL,Marvell,matched,MARVELL TOWNSEND FURTHER PROC B V,1,
MRVL,Marvell,matched,MARVELL WORL TRADE LTD,1,
MRVL,Marvell,matched,MARVELL DSPC LTD,1,
MU,Micron,matched,MICRON TECHNOLOGY INC,44172,
MU,Micron,matched,MICRON ELECTRONICS INC,402,
MU,Micron,matched,MICRON SEMICONDUCTOR INC,156,
MU,Micron,matched,MICRON COMMUNICATIONS INC,97,
MU,Micron,matched,MICRON DISPLAY TECH INC,88,
MU,Micron,matched,MICRON QUANTUM DEVICES INC,55,
MU,Micron,matched,MICRON TECHNOLOGIES INC,51,
MU,Micron,matched,MICRON TECH INC,45,
MU,Micron,matched,MICRON TECHNOLGY INC,29,
MU,Micron,matched,MICRONTECHNOLOGY INC,8,
MU,Micron,matched,MICRON TECHNOLOGY CORP,4,
MU,Micron,matched,MICRON CUSTOM MANUFACTURING SE,4,
MU,Micron,matched,MICRON TECHOLOGY INC,4,
MU,Micron,matched,MICRON TECH,3,
MU,Micron,matched,MICRON TECHNOLGOY INC,3,
MU,Micron,matched,MICRON TECNOLOGY INC,3,
MU,Micron,matched,MICRON ELETRONICS INC,3,
MU,Micron,matched,MICRON TECH LNC,2,
MU,Micron,matched,MICRON TECHNNOLOGY INC,2,
MU,Micron,matched,MICRON TECHNLOGY INC,2,
MU,Micron,matched,MICRON COMMUNICATION INC,2,
MU,Micron,matched,MICRON TECHONOLOGY INC,2,
MU,Micron,matched,MICRON TECHNOLOGY LNC,2,
MU,Micron,matched,MICRON TECHNOLOLGY INC,2,
MU,Micron,matched,MICRONPC LLC,2,
MU,Micron,matched,MICRON TEHNOLOGY INC,2,
MU,Micron,matched,MICRON PC LLC,2,
MU,Micron,matched,MICRON TECH INC/,1,
MU,Micron,matched,MICRON TECHNOIOGY INC,1,
MU,Micron,matched,MICRON TECH WAY,1,
MU,Micron,matched,MICRON MEMORY JAPAN INC,1,
MU,Micron,matched,MICRON TEDHNOLOGY INC,1,
MU,Micron,matched,MICRON TECHNOLOGIES NC,1,
MU,Micron,matched,MICRON TECHNOLOGGY INC,1,
MU,Micron,matched,MICRON TECHNOLOGY INC AND IDAH,1,
MU,Micron,matched,MICRON TECHNOLOGH INC,1,
MU,Micron,matched,MICRONBTECHNOLOGY INC,1,
MU,Micron,matched,MICRON TCHNOLOGY INC,1,
MU,Micron,matched,MICRON TECHNONLOGY INC,1,
MU,Micron,matched,MICRON TECHNLOLOGY INC,1,
MU,Micron,matched,MICRON TECHNOLNOLOGY INC,1,
MU,Micron,matched,MICRON TECHNOLOGY IN,1,
MU,Micron,matched,MICRON DISPLAY TECHNOLOGY,1,
MU,Micron,matched,MICRON DISPLAY,1,
MU,Micron,matched,MICRON CUSTOM MANUFACTURING IN,1,
MU,Micron,matched,MICRONG TECHNOLOGY INC,1,
MU,Micron,matched,MICRON TECHNOLOGY IN C,1,
MU,Micron,matched,MICRON TECHNOLOGY INCV,1,
MU,Micron,matched,MICRON TECHNOLOGY INST,1,
MU,Micron,matched,MICRON TECHNOLOPGY INC,1,
MU,Micron,matched,MICRON TECHNOLOGY ING,1,
MU,Micron,matched,MICRON TECHNOLOGIES CORP,1,
MU,Micron,matched,MICRON TECHONLOGY INC,1,
MU,Micron,matched,MICRON TECH HOLDING INC,1,
MU,Micron,matched,MICRON DISPLAY INC,1,
MU,Micron,matched,MICRON COMMUNICATIONS,1,
MU,Micron,matched,MICRON TECH LICENSING LLC,1,
MU,Micron,matched,MICRON TECHNOLOGY INCL,1,
MU,Micron,matched,MICRON ELECTRONICS LLP,1,
MU,Micron,matched,MICRON TECHNOLOGY LICENSING LLC,1,
MU,Micron,matched,MICRON TECHNOLOGY LLC,1,
MU,Micron,matched,MICRON TECHNOGY INC,1,
MU,Micron,matched,MICRON TECHNOLOGOY INC,1,
MU,Micron,matched,MICRON ELECTONICS INC,1,
MU,Micron,excluded,MICRONAS GMBH,330,"excluded by MICRONAS%: Micronas GmbH/Intermetall — German semiconductor company (Hall sensors), unrelated to Micron Technology"
MU,Micron,excluded,MICRONIC LASER SYSTEMS AB,128,"excluded by MICRONIC%: Micronic Laser Systems / Mydata AB — Swedish lithography company (and MICRONICS* entities), unrelated to Micron Technology"
MU,Micron,excluded,MICRONICS INC,66,"excluded by MICRONIC%: Micronic Laser Systems / Mydata AB — Swedish lithography company (and MICRONICS* entities), unrelated to Micron Technology"
MU,Micron,excluded,MICRON DEVICES LLC,55,not in the curated entity allowlist (include_name_like) — unrelated company caught by the broad prefix
MU,Micron,excluded,MICRONAS INTERMETALL GMBH,32,"excluded by MICRONAS%: Micronas GmbH/Intermetall — German semiconductor company (Hall sensors), unrelated to Micron Technology"
MU,Micron,excluded,MICRON OPTICS INC,29,not in the curated entity allowlist (include_name_like) — unrelated company caught by the broad prefix
MU,Micron,excluded,MICRONOVA MFG INC,21,not in the curated entity allowlist (include_name_like) — unrelated company caught by the broad prefix
MU,Micron,excluded,MICRONEL AG,21,not in the curated entity allowlist (include_name_like) — unrelated company caught by the broad prefix
MU,Micron,excluded,MICRONAS USA INC,21,"excluded by MICRONAS%: Micronas GmbH/Intermetall — German semiconductor company (Hall sensors), unrelated to Micron Technology"
MU,Micron,excluded,MICRONVISION CORP,20,not in the curated entity allowlist (include_name_like) — unrelated company caught by the broad prefix
MU,Micron,excluded,MICRONIT MICROFLUIDICS BV,17,not in the curated entity allowlist (include_name_like) — unrelated company caught by the broad prefix
MU,Micron,excluded,MICRONAS SEMICONDUCTORS INC,15,"excluded by MICRONAS%: Micronas GmbH/Intermetall — German semiconductor company (Hall sensors), unrelated to Micron Technology"
MU,Micron,excluded,MICRONAS HOLDING GMBH,15,"excluded by MICRONAS%: Micronas GmbH/Intermetall — German semiconductor company (Hall sensors), unrelated to Micron Technology"
MU,Micron,excluded,MICRONET MEDICAL INC,11,not in the curated entity allowlist (include_name_like) — unrelated company caught by the broad prefix
MU,Micron,excluded,MICRONIX CORP,10,not in the curated entity allowlist (include_name_like) — unrelated company caught by the broad prefix
MU,Micron,excluded,MICRONOVA MANUFACTURING INC,9,not in the curated entity allowlist (include_name_like) — unrelated company caught by the broad prefix
MU,Micron,excluded,MICRONICS COMPUTERS INC,9,"excluded by MICRONIC%: Micronic Laser Systems / Mydata AB — Swedish lithography company (and MICRONICS* entities), unrelated to Micron Technology"
MU,Micron,excluded,MICRONEB TECH HOLDINGS INC,9,not in the curated entity allowlist (include_name_like) — unrelated company caught by the broad prefix
MU,Micron,excluded,MICRONOMA INC,8,not in the curated entity allowlist (include_name_like) — unrelated company caught by the broad prefix
MU,Micron,excluded,MICRON MACHINERY CO LTD,8,not in the curated entity allowlist (include_name_like) — unrelated company caught by the broad prefix
MU,Micron,excluded,MICRON CORP,7,not in the curated entity allowlist (include_name_like) — unrelated company caught by the broad prefix
MU,Micron,excluded,MICRONIX PARTNERS,7,not in the curated entity allowlist (include_name_like) — unrelated company caught by the broad prefix
MU,Micron,excluded,MICRONOVUS LLC,7,not in the curated entity allowlist (include_name_like) — unrelated company caught by the broad prefix
MU,Micron,excluded,MICRON OPTOELECTRONICS CO LTD,6,not in the curated entity allowlist (include_name_like) — unrelated company caught by the broad prefix
MU,Micron,excluded,MICRONIC AB,6,"excluded by MICRONIC%: Micronic Laser Systems / Mydata AB — Swedish lithography company (and MICRONICS* entities), unrelated to Micron Technology"
MU,Micron,excluded,MICRONET UNION TECH CHENGDU CO LTD,6,not in the curated entity allowlist (include_name_like) — unrelated company caught by the broad prefix
MU,Micron,excluded,MICRONICS JAPAN CO LTD,6,"excluded by MICRONIC%: Micronic Laser Systems / Mydata AB — Swedish lithography company (and MICRONICS* entities), unrelated to Micron Technology"
MU,Micron,excluded,MICRON INSTR,6,not in the curated entity allowlist (include_name_like) — unrelated company caught by the broad prefix
MU,Micron,excluded,MICRONIT HOLDING B V,6,not in the curated entity allowlist (include_name_like) — unrelated company caught by the broad prefix
MU,Micron,excluded,MICRON MOTION INC,5,not in the curated entity allowlist (include_name_like) — unrelated company caught by the broad prefix
MU,Micron,excluded,MICRONIZING TECH LLC,5,not in the curated entity allowlist (include_name_like) — unrelated company caught by the broad prefix
MU,Micron,excluded,MICRON SEPARATIONS INC,5,not in the curated entity allowlist (include_name_like) — unrelated company caught by the broad prefix
MU,Micron,excluded,MICRONIC LASER SYSTEMS,5,"excluded by MICRONIC%: Micronic Laser Systems / Mydata AB — Swedish lithography company (and MICRONICS* entities), unrelated to Micron Technology"
MU,Micron,excluded,MICRON MEDICAL LLC,5,not in the curated entity allowlist (include_name_like) — unrelated company caught by the broad prefix
MU,Micron,excluded,MICRONETICS INC,5,not in the curated entity allowlist (include_name_like) — unrelated company caught by the broad prefix
MU,Micron,excluded,MICRONOC INC,5,not in the curated entity allowlist (include_name_like) — unrelated company caught by the broad prefix
MU,Micron,excluded,MICRON CO LTD,5,not in the curated entity allowlist (include_name_like) — unrelated company caught by the broad prefix
MU,Micron,excluded,MICRONIC TECH INC,5,"excluded by MICRONIC%: Micronic Laser Systems / Mydata AB — Swedish lithography company (and MICRONICS* entities), unrelated to Micron Technology"
MU,Micron,excluded,MICRONEEDLES INC,4,not in the curated entity allowlist (include_name_like) — unrelated company caught by the broad prefix
MU,Micron,excluded,MICRONIZER COMPANY,4,not in the curated entity allowlist (include_name_like) — unrelated company caught by the broad prefix
MU,Micron,excluded,MICRONET TECH INC,4,not in the curated entity allowlist (include_name_like) — unrelated company caught by the broad prefix
MU,Micron,excluded,MICRON SPRAYERS LTD,3,not in the curated entity allowlist (include_name_like) — unrelated company caught by the broad prefix
MU,Micron,excluded,MICRONIX INC,3,not in the curated entity allowlist (include_name_like) — unrelated company caught by the broad prefix
MU,Micron,excluded,MICRON BIOMEDICAL INC,3,not in the curated entity allowlist (include_name_like) — unrelated company caught by the broad prefix
MU,Micron,excluded,MICRONET CO LTD,3,not in the curated entity allowlist (include_name_like) — unrelated company caught by the broad prefix
MU,Micron,excluded,MICRON PURE LLC,3,not in the curated entity allowlist (include_name_like) — unrelated company caught by the broad prefix
MU,Micron,excluded,MICRON SHIGA INC,3,not in the curated entity allowlist (include_name_like) — unrelated company caught by the broad prefix
MU,Micron,excluded,MICRON IND CORP,3,not in the curated entity allowlist (include_name_like) — unrelated company caught by the broad prefix
MU,Micron,excluded,MICRONYX INC,3,not in the curated entity allowlist (include_name_like) — unrelated company caught by the broad prefix
MU,Micron,excluded,MICRONIC B V,3,"excluded by MICRONIC%: Micronic Laser Systems / Mydata AB — Swedish lithography company (and MICRONICS* entities), unrelated to Micron Technology"
MU,Micron,excluded,MICRON EAGLE HYDRAULICS INC,2,not in the curated entity allowlist (include_name_like) — unrelated company caught by the broad prefix
MU,Micron,excluded,MICRON SYSTEMS,2,not in the curated entity allowlist (include_name_like) — unrelated company caught by the broad prefix
MU,Micron,excluded,MICRON,2,not in the curated entity allowlist (include_name_like) — unrelated company caught by the broad prefix
MU,Micron,excluded,MICRONEL SAFETY INC,2,not in the curated entity allowlist (include_name_like) — unrelated company caught by the broad prefix
MU,Micron,excluded,MICRONETIXX TECHNOLOGIES LLC,2,not in the curated entity allowlist (include_name_like) — unrelated company caught by the broad prefix
MU,Micron,excluded,MICRONET KK,2,not in the curated entity allowlist (include_name_like) — unrelated company caught by the broad prefix
MU,Micron,excluded,MICRON MED PROD INC,2,not in the curated entity allowlist (include_name_like) — unrelated company caught by the broad prefix
MU,Micron,excluded,MICRONAS SEMICONDUCTOR HOLDING,2,"excluded by MICRONAS%: Micronas GmbH/Intermetall — German semiconductor company (Hall sensors), unrelated to Micron Technology"
MU,Micron,excluded,MICRONAIR INC,2,not in the curated entity allowlist (include_name_like) — unrelated company caught by the broad prefix
MU,Micron,excluded,MICRONAV LTD,2,not in the curated entity allowlist (include_name_like) — unrelated company caught by the broad prefix
MU,Micron,excluded,MICRONOTES INC,2,not in the curated entity allowlist (include_name_like) — unrelated company caught by the broad prefix
MU,Micron,excluded,MICRONEXT B V,2,not in the curated entity allowlist (include_name_like) — unrelated company caught by the broad prefix
MU,Micron,excluded,MICRON ENG INC,2,not in the curated entity allowlist (include_name_like) — unrelated company caught by the broad prefix
MU,Micron,excluded,MICRONIC INTERFACE TECHNOLOGIE,2,"excluded by MICRONIC%: Micronic Laser Systems / Mydata AB — Swedish lithography company (and MICRONICS* entities), unrelated to Micron Technology"
MU,Micron,excluded,MICRONIC TECHNOLOGIES INC,2,"excluded by MICRONIC%: Micronic Laser Systems / Mydata AB — Swedish lithography company (and MICRONICS* entities), unrelated to Micron Technology"
MU,Micron,excluded,MICRON KIKI CO LTD,2,not in the curated entity allowlist (include_name_like) — unrelated company caught by the broad prefix
MU,Micron,excluded,MICRONISERS PTY LTD,2,not in the curated entity allowlist (include_name_like) — unrelated company caught by the broad prefix
MU,Micron,excluded,MICRON FORCE INSTR INC,2,not in the curated entity allowlist (include_name_like) — unrelated company caught by the broad prefix
MU,Micron,excluded,MICRON FRESAR S R L,2,not in the curated entity allowlist (include_name_like) — unrelated company caught by the broad prefix
MU,Micron,excluded,MICRONIX PTY LTD,2,not in the curated entity allowlist (include_name_like) — unrelated company caught by the broad prefix
MU,Micron,excluded,MICRONET TECHNOLOGY INC,2,not in the curated entity allowlist (include_name_like) — unrelated company caught by the broad prefix
MU,Micron,excluded,MICRONICS L L C,2,"excluded by MICRONIC%: Micronic Laser Systems / Mydata AB — Swedish lithography company (and MICRONICS* entities), unrelated to Micron Technology"
MU,Micron,excluded,MICRONOX INC,2,not in the curated entity allowlist (include_name_like) — unrelated company caught by the broad prefix
MU,Micron,excluded,MICRONICS,2,"excluded by MICRONIC%: Micronic Laser Systems / Mydata AB — Swedish lithography company (and MICRONICS* entities), unrelated to Micron Technology"
MU,Micron,excluded,MICRON EYEWEAR MANUFACTORY COMPANY LTD,1,not in the curated entity allowlist (include_name_like) — unrelated company caught by the broad prefix
MU,Micron,excluded,MICRON PRODUCTS INC,1,not in the curated entity allowlist (include_name_like) — unrelated company caught by the broad prefix
MU,Micron,excluded,MICRON AGRITECH LTD,1,not in the curated entity allowlist (include_name_like) — unrelated company caught by the broad prefix
MU,Micron,excluded,MICRON DI BIANCHINI DOTTOR PIE,1,not in the curated entity allowlist (include_name_like) — unrelated company caught by the broad prefix
MU,Micron,excluded,MICRONAS INTERMETTAL GMBH,1,"excluded by MICRONAS%: Micronas GmbH/Intermetall — German semiconductor company (Hall sensors), unrelated to Micron Technology"
MU,Micron,excluded,MICRON MEDICAL PRODUCTS,1,not in the curated entity allowlist (include_name_like) — unrelated company caught by the broad prefix
MU,Micron,excluded,MICRON INC,1,not in the curated entity allowlist (include_name_like) — unrelated company caught by the broad prefix
MU,Micron,excluded,MICRONTEL S P A,1,not in the curated entity allowlist (include_name_like) — unrelated company caught by the broad prefix
MU,Micron,excluded,MICRONBRANE MEDICAL CO LTD,1,not in the curated entity allowlist (include_name_like) — unrelated company caught by the broad prefix
MU,Micron,excluded,MICRON 3DP,1,not in the curated entity allowlist (include_name_like) — unrelated company caught by the broad prefix
MU,Micron,excluded,MICRONOISE LTD,1,not in the curated entity allowlist (include_name_like) — unrelated company caught by the broad prefix
MU,Micron,excluded,MICRONOTES LLC,1,not in the curated entity allowlist (include_name_like) — unrelated company caught by the broad prefix
MU,Micron,excluded,MICRONIC IND INC,1,"excluded by MICRONIC%: Micronic Laser Systems / Mydata AB — Swedish lithography company (and MICRONICS* entities), unrelated to Micron Technology"
MU,Micron,excluded,MICRONAN INC,1,not in the curated entity allowlist (include_name_like) — unrelated company caught by the broad prefix
MU,Micron,excluded,MICRONATURE S R L,1,not in the curated entity allowlist (include_name_like) — unrelated company caught by the broad prefix
MU,Micron,excluded,MICRONIC TECHNOLOGIES LLC,1,"excluded by MICRONIC%: Micronic Laser Systems / Mydata AB — Swedish lithography company (and MICRONICS* entities), unrelated to Micron Technology"
MU,Micron,excluded,MICRONOSE TECHNOLOGIES LLC,1,not in the curated entity allowlist (include_name_like) — unrelated company caught by the broad prefix
MU,Micron,excluded,MICRONIX USA,1,not in the curated entity allowlist (include_name_like) — unrelated company caught by the broad prefix
MU,Micron,excluded,MICRONIC LASERSYSTEMS AB,1,"excluded by MICRONIC%: Micronic Laser Systems / Mydata AB — Swedish lithography company (and MICRONICS* entities), unrelated to Micron Technology"
MU,Micron,excluded,MICRON S A L,1,not in the curated entity allowlist (include_name_like) — unrelated company caught by the broad prefix
MU,Micron,excluded,MICRONIA AMPLIFIER CORP,1,not in the curated entity allowlist (include_name_like) — unrelated company caught by the broad prefix
MU,Micron,excluded,MICRONETICS WIRELESS INC,1,not in the curated entity allowlist (include_name_like) — unrelated company caught by the broad prefix
MU,Micron,excluded,MICRON PHARMAWORKS INC,1,not in the curated entity allowlist (include_name_like) — unrelated company caught by the broad prefix
MU,Micron,excluded,MICRONA AB,1,not in the curated entity allowlist (include_name_like) — unrelated company caught by the broad prefix
MU,Micron,excluded,MICRONETICS WIRELESS,1,not in the curated entity allowlist (include_name_like) — unrelated company caught by the broad prefix
MU,Micron,excluded,MICRONAS SEMICONDUCTOR SA,1,"excluded by MICRONAS%: Micronas GmbH/Intermetall — German semiconductor company (Hall sensors), unrelated to Micron Technology"
MU,Micron,excluded,MICRONIX INTERNAT CO LTD,1,not in the curated entity allowlist (include_name_like) — unrelated company caught by the broad prefix
MU,Micron,excluded,MICRON OPTICAL SYSTEMS,1,not in the curated entity allowlist (include_name_like) — unrelated company caught by the broad prefix
MU,Micron,excluded,MICRON ELECTRIC CO LTD,1,not in the curated entity allowlist (include_name_like) — unrelated company caught by the broad prefix
MU,Micron,excluded,MICRONIC LASER SYSTEM AB,1,"excluded by MICRONIC%: Micronic Laser Systems / Mydata AB — Swedish lithography company (and MICRONICS* entities), unrelated to Micron Technology"
MU,Micron,excluded,MICRONAIR LLC,1,not in the curated entity allowlist (include_name_like) — unrelated company caught by the broad prefix
MU,Micron,excluded,MICRONASA DI PATARCHI ALBERTO,1,"excluded by MICRONAS%: Micronas GmbH/Intermetall — German semiconductor company (Hall sensors), unrelated to Micron Technology"
MU,Micron,excluded,MICRON DIAMOND WIRE & EQUIPMENT CO LTD,1,not in the curated entity allowlist (include_name_like) — unrelated company caught by the broad prefix
MU,Micron,excluded,MICRONIC FILTRATION INC,1,"excluded by MICRONIC%: Micronic Laser Systems / Mydata AB — Swedish lithography company (and MICRONICS* entities), unrelated to Micron Technology"
MU,Micron,excluded,MICRON SEALING CORP,1,not in the curated entity allowlist (include_name_like) — unrelated company caught by the broad prefix
MU,Micron,excluded,MICRONICS LLC,1,"excluded by MICRONIC%: Micronic Laser Systems / Mydata AB — Swedish lithography company (and MICRONICS* entities), unrelated to Micron Technology"
MU,Micron,excluded,MICRON DENTAL MANUFACTURING IN,1,not in the curated entity allowlist (include_name_like) — unrelated company caught by the broad prefix
MU,Micron,excluded,MICRON OPTICS,1,not in the curated entity allowlist (include_name_like) — unrelated company caught by the broad prefix
MU,Micron,excluded,MICRON WASTE TECH INC,1,not in the curated entity allowlist (include_name_like) — unrelated company caught by the broad prefix
MU,Micron,excluded,MICRONIC HOLDING B V,1,"excluded by MICRONIC%: Micronic Laser Systems / Mydata AB — Swedish lithography company (and MICRONICS* entities), unrelated to Micron Technology"
MU,Micron,excluded,MICRON VIEW LTD,1,not in the curated entity allowlist (include_name_like) — unrelated company caught by the broad prefix
MU,Micron,excluded,MICRONIC GOLD RECOVERIES INC,1,"excluded by MICRONIC%: Micronic Laser Systems / Mydata AB — Swedish lithography company (and MICRONICS* entities), unrelated to Micron Technology"
MU,Micron,excluded,MICRONSEP S R L,1,not in the curated entity allowlist (include_name_like) — unrelated company caught by the broad prefix
MU,Micron,excluded,MICRON DENTAL MFG INC,1,not in the curated entity allowlist (include_name_like) — unrelated company caught by the broad prefix
MU,Micron,excluded,MICRONUTRIENT LLC,1,not in the curated entity allowlist (include_name_like) — unrelated company caught by the broad prefix
MU,Micron,excluded,MICRONVENTION INC,1,not in the curated entity allowlist (include_name_like) — unrelated company caught by the broad prefix
MU,Micron,excluded,MICRON COATING INC,1,not in the curated entity allowlist (include_name_like) — unrelated company caught by the broad prefix
MU,Micron,excluded,MICRON MOTION IC,1,not in the curated entity allowlist (include_name_like) — unrelated company caught by the broad prefix
MU,Micron,excluded,MICRON RES AND DEV CORP,1,not in the curated entity allowlist (include_name_like) — unrelated company caught by the broad prefix
MU,Micron,excluded,MICRONDE SA,1,not in the curated entity allowlist (include_name_like) — unrelated company caught by the broad prefix
MU,Micron,excluded,MICRONA INC,1,not in the curated entity allowlist (include_name_like) — unrelated company caught by the broad prefix
MU,Micron,excluded,MICRON LABORGERATE GMBH,1,not in the curated entity allowlist (include_name_like) — unrelated company caught by the broad prefix
MU,Micron,excluded,MICRONSHIELD LLC,1,not in the curated entity allowlist (include_name_like) — unrelated company caught by the broad prefix
MU,Micron,excluded,MICRONAS INTERNMETALL GMBH,1,"excluded by MICRONAS%: Micronas GmbH/Intermetall — German semiconductor company (Hall sensors), unrelated to Micron Technology"
MU,Micron,excluded,MICRONET LTD,1,not in the curated entity allowlist (include_name_like) — unrelated company caught by the broad prefix
MU,Micron,excluded,MICRON E M E LTD,1,not in the curated entity allowlist (include_name_like) — unrelated company caught by the broad prefix
MU,Micron,excluded,MICRONIZATION TECH AND THERAPEUTICS GROUP LLC,1,not in the curated entity allowlist (include_name_like) — unrelated company caught by the broad prefix
MU,Micron,excluded,MICRONUTRIENTS USA LLC,1,not in the curated entity allowlist (include_name_like) — unrelated company caught by the broad prefix
MU,Micron,excluded,MICRON ETS,1,not in the curated entity allowlist (include_name_like) — unrelated company caught by the broad prefix
MU,Micron,excluded,MICRON INTERNATIONAL LTD,1,not in the curated entity allowlist (include_name_like) — unrelated company caught by the broad prefix
MU,Micron,excluded,MICRONAS INTERUETALL GMBH,1,"excluded by MICRONAS%: Micronas GmbH/Intermetall — German semiconductor company (Hall sensors), unrelated to Micron Technology"
