ticker,section,harmonized_name,application_count,review_status,reason
ADI,matched,ANALOG DEVICES INC,4177,REVIEW,
ADI,matched,ANALOG DEVICES INTERNATIONAL UNLIMITED CO,948,REVIEW,
ADI,matched,ANALOG DEVICES GLOBAL,441,REVIEW,
ADI,matched,ANALOG DEVICES GLOBAL UNLIMITED CO,174,REVIEW,
ADI,matched,ANALOG DEVICES TECHNOLOGY,166,REVIEW,
ADI,matched,ANALOG DEVICES AS,14,,
ADI,matched,ANALOG DEVICES TECH,13,,
ADI,matched,ANALOG DEVICES BV,7,,
ADI,matched,ANALOG DEVICES IMI INC,7,,
ADI,matched,ANALOG DEVICES GLOBAL HAMILTON,2,,
ADI,matched,ANALOG DEVICES INC A DELAWARE,2,,
ADI,matched,ANALOG DEVICES INT UNLIMITED COMPNAY,2,,
ADI,matched,ANALOG DEVICES BV INC,1,,
ADI,matched,ANALOG DEVICES GLOBAL UNLIMITED COMPANY,1,,
ADI,matched,ANALOG DEVICES GLOBAL UNLIMITED COMPANY INC,1,,
ADI,matched,ANALOG DEVICES GLOBAL UNLIMTED COMPANY,1,,
ADI,matched,ANALOG DEVICES GLORAL,1,,
ADI,matched,ANALOG DEVICES GLOVAL UNLIMITED COMPANY,1,,
ADI,matched,ANALOG DEVICES INC A CORP ORGA,1,,
ADI,matched,ANALOG DEVICES INC A MASSACHUS,1,,
ADI,matched,ANALOG DEVICES INT UNIMITED COMPANY,1,,
ADI,matched,ANALOG DEVICES INT UNLIMITED,1,,
ADI,matched,ANALOG DEVICES INT UNLIMITED COM PANY,1,,
ADI,matched,ANALOG DEVICES INT UNLIMITED COMANY,1,,
ADI,matched,ANALOG DEVICES INT UNLIMITED COMPANY,1,,
ADI,matched,ANALOG DEVICES INT UNLIMTED COMPANY,1,,
ADI,matched,ANALOG DEVICES INT UNLITED COMPANY,1,,
ADI,matched,ANALOG DEVICES INTERNATIONAL LTD COMPANY,1,,
ALGM,matched,ALLEGRO MICROSYSTEMS LLC,973,REVIEW,
ALGM,matched,ALLEGRO MICROSYSTEMS INC,241,REVIEW,
ALGM,matched,ALLEGRO MICROSYSTEMS EUROP LTD,1,,
ALGM,matched,ALLEGRO MICROSYSTEMS LLC MANCHESTER NH,1,,
ALTR,matched,ALTERA CORP,4531,REVIEW,
ALTR,matched,ALTERA CANADA CO,22,REVIEW,
ALTR,matched,ALTERA CORP A CORP OF DELAWARE,16,,
ALTR,matched,ALTERA COPORATION,7,,
ALTR,matched,ALTERA DIGITAL HEALTH INC,7,,
ALTR,matched,ALTERA NEWFOUNDLAND TECHNOLOGY CORP,4,,
ALTR,matched,ALTERA TORONTO CO,4,,
ALTR,matched,ALTERA INT LTD,3,,
ALTR,matched,ALTERA INTERNATIONAL LTD,3,,
ALTR,matched,ALTERA CORP A DELAWARE CORP,2,,
ALTR,matched,ALTERA EUROP TRADING COMPANY LTD,2,,
ALTR,matched,ALTERA COROPORATION,1,,
ALTR,matched,ALTERA CORP A CORP OF THE STAT,1,,
ALTR,matched,ALTERA CORP SAN JOSE CA,1,,
ALTR,matched,ALTERA CORPORAITON,1,,
ALTR,matched,ALTERA CORPORATIONS,1,,
ALTR,matched,ALTERA CORPORATON,1,,
ALTR,matched,ALTERA DIGITAL HEALTH,1,,
ALTR,matched,ALTERA EUROPEAN TRADING CO LTD,1,,
ALTR,matched,ALTERA FRANCESCO J,1,,
ALTR,matched,ALTERA SALOTTI S R L,1,,
ALTR,matched,ALTERANTE INC,1,,
ALTR,matched,ALTERANTE LLC,1,,
AMD,matched,ADVANCED MICRO DEVICES INC,14651,REVIEW,
AMD,matched,ADVANCED MICRO DEVICES INC AMD,14,,
AMD,matched,ADVANCED MICRO DEVICES SHANGHAI CO LTD,13,,
AMD,matched,ADVANCED MICRO DEVICES CORP,3,,
AMD,matched,ADVANCED MICRO DEVICES IN,2,,
AMD,matched,ADVANCED MICRO DEVICES PRODUCTS CHINA CO LTD,2,,
AMD,matched,ADVANCED MICRO DEVICES (SHANGHAI) CO LTD,1,,
AMD,matched,ADVANCED MICRO DEVICES AMD,1,,
AMD,matched,ADVANCED MICRO DEVICES CO LTD SHANGHAI,1,,
AMD,matched,ADVANCED MICRO DEVICES I NC,1,,
AMD,matched,ADVANCED MICRO DEVICES INC & LDQUO AMD & RDQUO,1,,
AMD,matched,ADVANCED MICRO DEVICES INC AND,1,,
AMD,matched,ADVANCED MICRO DEVICES INC AND SPANSION LLC,1,,
AMD,matched,ADVANCED MICRO DEVICES INC SANTA CLARA CA,1,,
AMD,matched,ADVANCED MICRO DEVICES INC.,1,,
AMD,matched,ADVANCED MICRO DEVICES INCS,1,,
AMD,matched,ADVANCED MICRO DEVICES INS,1,,
AMD,matched,ADVANCED MICRO DEVICES LLP,1,,
AMD,matched,ADVANCED MICRO DEVICES LNC,1,,
AMD,matched,ADVANCED MICRO DEVICES LTD,1,,
AMD,matched,ADVANCED MICRO DEVICES PRODUCTS (CHINA) CO LTD,1,,
AMD,matched,ADVANCED MICRO DEVICES PTE LTD,1,,
AMD,matched,ADVANCED MICRO DEVICES S PTE L,1,,
AOSL,matched,ALPHA & OMEGA SEMICONDUCTOR,782,REVIEW,
AOSL,matched,ALPHA & OMEGA SEMICONDUCTOR CAYMAN LTD,131,REVIEW,
AOSL,matched,ALPHA & OMEGA SEMICONDUCTOR INT LP,101,REVIEW,
AOSL,matched,ALPHA AND OMEGA SEMICONDUCTOR (CAYMAN) LTD,26,REVIEW,
AOSL,matched,ALPHA & OMEGA SEMICONDUCTOR (CAYMAN) LTD,10,,
AOSL,matched,ALPHA & OMEGA SEMICONDUCTOR INCORPORATED,6,,
AOSL,matched,ALPHA AND OMEGA SEMICONDUCTORS INC,3,,
AOSL,matched,ALPHA & OMEGA SEMICONDUCTOR CORP,2,,
AOSL,matched,ALPHA & OMEGA SEMICONDUCTOR LL,1,,
AOSL,matched,ALPHA & OMEGA SEMICONDUCTOR LTD,1,,
AOSL,matched,ALPHA & OMEGA SEMICONDUCTORS L,1,,
AOSL,matched,ALPHA & OMEGA SEMICONDUCTORS LTD,1,,
AOSL,matched,ALPHA AND OMEGA SEMICONDUCTOR CAYMAN LTD GRAND,1,,
AOSL,matched,ALPHA AND OMEGA SEMICONDUCTORE CAYMAN LTD,1,,
ATHR,matched,ATHEROS COMM INC,258,REVIEW,
ATHR,matched,ATHEROS TECHNOLOGY LTD,8,,
ATHR,matched,ATHEROSYS INC,5,,
ATHR,matched,ATHEROS INC,3,,
ATHR,matched,ATHEROS COMM,2,,
ATHR,matched,ATHEROSOFT INC,1,,
ATML,matched,ATMEL CORP,1652,REVIEW,
ATML,matched,ATMEL GERMANY GMBH,217,REVIEW,
ATML,matched,ATMEL AUTOMOTIVE GMBH,64,REVIEW,
ATML,matched,ATMEL ROUSSET SAS,37,REVIEW,
ATML,matched,ATMEL NANTES SA,36,REVIEW,
ATML,matched,ATMEL GRENOBLE SA,34,REVIEW,
ATML,matched,ATMEL CORP A DELAWARE CORP,13,,
ATML,matched,ATMEL DUISBURG GMBH,9,,
ATML,matched,ATMEL NANTES S A,8,,
ATML,matched,ATMEL NANTES S A S,6,,
ATML,matched,ATMEL SWITZERLAND,5,,
ATML,matched,ATMEL RES,4,,
ATML,matched,ATMEL SWITZERLAND SARL,3,,
ATML,matched,ATMEL UK,3,,
ATML,matched,ATMEL ROUSSET,2,,
ATML,matched,ATMEL TECH U K LIMITED,2,,
ATML,matched,ATMEL WI FI SOLUTIONS INC,2,,
ATML,matched,ATMEL CO,1,,
ATML,matched,ATMEL CORP DELAWARE CORP,1,,
ATML,matched,ATMEL CORPORATIONI,1,,
ATML,matched,ATMEL CORPPORATION,1,,
ATML,matched,ATMEL Coporation,1,,
ATML,matched,ATMEL DEUTSCHLAND GMBH,1,,
ATML,matched,ATMEL GERMANY GBMH,1,,
ATML,matched,ATMEL GERMANY GMGH,1,,
ATML,matched,ATMEL KOREA LLC,1,,
ATML,matched,ATMEL R & D INDIA PVT LTD,1,,
ATML,matched,ATMEL TECHNOLOGIES U K LTD,1,,
ATML,matched,ATMELCorporation,1,,
ATML,matched,ATMELGERMANY GMBH,1,,
AVGO,matched,AVAGO TECHNOLOGIES GENERAL IP,2336,REVIEW,
AVGO,matched,AVAGO TECH INT SALES PTE LID,1291,REVIEW,
AVGO,matched,AVAGO TECH ECBU IP SG PTE LTD,605,REVIEW,
AVGO,matched,AVAGO TECH FIBER IP SG PTE LTD,338,REVIEW,
AVGO,matched,AVAGO TECHNOLOGIES WIRELESS IP,276,REVIEW,
AVGO,matched,AVAGO TECHNOLOGIES ECBU IP PTE,44,REVIEW,
AVGO,matched,AVAGO TECHNOLOGIES ECBU SINGAPORE PTE LTD,37,REVIEW,
AVGO,matched,AVAGO TECHNOLOGIES ENTPR IP SINGAPORE PTE LTD,34,REVIEW,
AVGO,matched,AVAGO TECHNOLOGIES ECBU SINGAP,30,REVIEW,
AVGO,matched,AVAGO TECHNOLOGIES FIBER IP PT,30,REVIEW,
AVGO,matched,AVAGO TECHNOLOGIES LTD,18,,
AVGO,matched,AVAGO TECH INTERNATIONAL SALES PTE LTD,13,,
AVGO,matched,AVAGO TECHNOLOGIES ENTPR IP SI,13,,
AVGO,matched,AVAGO TECH INTERNATIONAL SALES PTE LIMITE,8,,
AVGO,matched,AVAGO TECHNOLOGIES IMAGING IP,8,,
AVGO,matched,AVAGO TECH INTERNATIONAL SALES PTE LIMITED,7,,
AVGO,matched,AVAGO TECHNOLOGIES ECBUIP SING,6,,
AVGO,matched,AVAGO TECHNOLOGIES,4,,
AVGO,matched,AVAGO TECHNOLOGIES GENERAL LP SINGAPORE PTE LTD,4,,
AVGO,matched,AVAGO TECHNOLOGIES SENSOR IP P,4,,
AVGO,matched,AVAGO TECH GENERAL IP (SINGAPORE) PTD LTD,3,,
AVGO,matched,AVAGO TECH GENERAL IP (SINGAPORE) PTE,3,,
AVGO,matched,AVAGO TECH GENERAL IP SINGAPORE PTD LTD,3,,
AVGO,matched,AVAGO TECH INTEMATIONAL SALES PTE LIMITED,3,,
AVGO,matched,AVAGO TECHNOLOGIES ECBUIP PTE,3,,
AVGO,matched,AVAGO TECHNOLOGIES SENSOR IP S,3,,
AVGO,matched,AVAGO TECH GENERAL IP(SINGAPORE) PTE LTD,2,,
AVGO,matched,AVAGO TECH INTERNATIONAL,2,,
AVGO,matched,AVAGO TECH INTERNATIONAL PTE LIMITED,2,,
AVGO,matched,AVAGO TECH INTERNATIONAL SALES PTD LIMITED,2,,
AVGO,matched,AVAGO TECHNOLOGIES KOREA CO LT,2,,
AVGO,matched,AVAGO TECHNOLOGIES WIRELESS SI,2,,
AVGO,matched,AVAGO TECNOLOGIES INTERNATIONAL SALES PTE LTD,2,,
AVGO,matched,AVAGO WIRELESS IP PTE LTD,2,,
AVGO,matched,AVAGO GENERAL IP PTE LTD,1,,
AVGO,matched,AVAGO HOLDING SHENZHEN CO LTD,1,,
AVGO,matched,AVAGO TCEHNOLOGIES GENERAL IP (SINGAPORE) PTE LTD,1,,
AVGO,matched,AVAGO TECH ECBU IP,1,,
AVGO,matched,AVAGO TECH GENERAL IP ( SINGAPORE) PTE LTD,1,,
AVGO,matched,AVAGO TECH GENERAL IP (SINAPORE) PTE LTD,1,,
AVGO,matched,AVAGO TECH GENERAL IP (SINGAPORE) PET LTD,1,,
AVGO,matched,AVAGO TECH GENERAL IP (SINGAPORE) PTA LTD,1,,
AVGO,matched,AVAGO TECH GENERAL IP (SINGAPORE) PTE LM,1,,
AVGO,matched,AVAGO TECH GENERAL IP SINGAPORE (SINGAPORE) PTE LTD,1,,
AVGO,matched,AVAGO TECH GENERAL IP SINGAPORE PTE,1,,
AVGO,matched,AVAGO TECH GENERAL IP SINGAPROES PTE LTD,1,,
AVGO,matched,AVAGO TECH GERNERAL IP (SINGAPORE) PTE LTD,1,,
AVGO,matched,AVAGO TECH INERNATIONL SALES PTE LIMITED,1,,
AVGO,matched,AVAGO TECH INTERATIONAL SALES PTE LIMITED,1,,
AVGO,matched,AVAGO TECH INTERNATIONA LSALES PTE LIMITED,1,,
AVGO,matched,AVAGO TECH INTERNATIONA! SALES PTE LIMITED,1,,
AVGO,matched,AVAGO TECH INTERNATIONAL BUSINESS SALES PTE LIMITED,1,,
AVGO,matched,AVAGO TECH INTERNATIONAL SALE PTE LIMITED,1,,
AVGO,matched,AVAGO TECH INTERNATIONAL SALES PE LIMITED,1,,
AVGO,matched,AVAGO TECH INTERNATIONAL SALES PTE LIMITE D,1,,
AVGO,matched,AVAGO TECH INTERNATIONAL SALES PTE LIMTED,1,,
AVGO,matched,AVAGO TECH INTERNATIONAL SALES PTE LIMTIED,1,,
AVGO,matched,AVAGO TECH LTD,1,,
AVGO,matched,AVAGO TECH SALES PTE LIMITED,1,,
AVGO,matched,AVAGO TECH WIRELESS IP (SINGAPORE) PTE LTD,1,,
AVGO,matched,AVAGO TECHNLOGIES ECBU IP SINGAPORE PTE LTD,1,,
AVGO,matched,AVAGO TECHNOLGIES GENERAL IP (SINGAPORE) PTE LTD,1,,
AVGO,matched,AVAGO TECHNOLOGES GENERAL IP SINGAPORE PTE LTD,1,,
AVGO,matched,AVAGO TECHNOLOGES WIRELESS IP,1,,
AVGO,matched,AVAGO TECHNOLOGIED FIBER IP SI,1,,
AVGO,matched,AVAGO TECHNOLOGIES EC BUIP PTE,1,,
AVGO,matched,AVAGO TECHNOLOGIES ECB4 IP SIN,1,,
AVGO,matched,AVAGO TECHNOLOGIES ECBU ID SIN,1,,
AVGO,matched,AVAGO TECHNOLOGIES ECBU IP PTE LTD,1,,
AVGO,matched,AVAGO TECHNOLOGIES ECBU PTE LT,1,,
AVGO,matched,AVAGO TECHNOLOGIES ECCBU IP SINGAPORE PTE LTD,1,,
AVGO,matched,AVAGO TECHNOLOGIES ECELIIP SIN,1,,
AVGO,matched,AVAGO TECHNOLOGIES ECUBU IP SI,1,,
AVGO,matched,AVAGO TECHNOLOGIES EGBU IP SINGAPORE PTE LTD,1,,
AVGO,matched,AVAGO TECHNOLOGIES EIBERIP SIN,1,,
AVGO,matched,AVAGO TECHNOLOGIES ENERPRISE IP SINGAPORE PTE LTD,1,,
AVGO,matched,AVAGO TECHNOLOGIES ENTPR IP SINGAPORE PTE L,1,,
AVGO,matched,AVAGO TECHNOLOGIES FIBER IP PTE LTD,1,,
AVGO,matched,AVAGO TECHNOLOGIES FIBER SINGA,1,,
AVGO,matched,AVAGO TECHNOLOGIES GENERAL PTE,1,,
AVGO,matched,AVAGO TECHNOLOGIES GENERAL SINGAPORE PTE LTD,1,,
AVGO,matched,AVAGO TECHNOLOGIES INC,1,,
AVGO,matched,AVAGO TECHNOLOGIES IP SINGAPOR,1,,
AVGO,matched,AVAGO TECHNOLOGIES IP SINGAPORE PTE LTD,1,,
AVGO,matched,AVAGO TECHNOLOGIES WIRESESS IP SINGAPORE PTE LTD,1,,
AVGO,matched,AVAGO TECHNOLOGIES WIRESLESS IP SINGAPORE PTE LTD,1,,
AVGO,matched,AVAGO TECHNOLOGIES WIRLELESS I,1,,
AVGO,matched,AVAGO TECHOLOGIES GENERAL IP P,1,,
AVGO,matched,AVAGO TEHNOLOGIES FIBER IP SIN,1,,
AVGO,matched,AVAGON TEWCHNOLOGIES GENERAL I,1,,
AVGO,matched,AVAGOTECHNOLOGIES ECBU IP SING,1,,
BRCM,matched,BROADCOM CORP,13291,REVIEW,
BRCM,matched,BROADCOM EUROPE LTD,39,REVIEW,
BRCM,matched,BROADCOM INNOVISION LTD,17,,
BRCM,matched,BROADCOM,15,,
BRCM,matched,BROADCOM HOMENETWORKING INC,14,,
BRCM,matched,BROADCOM INT PTE LTD,14,,
BRCM,matched,BROADCOM INC,13,,
BRCM,matched,BROADCOM COPORATION,10,,
BRCM,matched,BROADCOM ISRAEL RES LTD,10,,
BRCM,matched,BROADCOM ADVANCED COMPRESSION,8,,
BRCM,matched,BROADCOM CORPORATON,7,,
BRCM,matched,BROADCOM CORPORTION,7,,
BRCM,matched,BROADCOM CORPROATION,4,,
BRCM,matched,BROADCOM COMPANY,3,,
BRCM,matched,BROADCOM CORP IRVINE CA,3,,
BRCM,matched,BROADCOM CORP PURSUANT,3,,
BRCM,matched,BROADCOM CORPORATIN,3,,
BRCM,matched,BROADCOM SEMICONDUCTORS ISRAEL LTD,3,,
BRCM,matched,BROADCOM UK LTD,3,,
BRCM,matched,BROADCOMM CORP,3,,
BRCM,matched,BROADCOM CORPORAION,2,,
BRCM,matched,BROADCOM ADVANCED COMPRESSION GROUP LLC,1,,
BRCM,matched,BROADCOM COMPORATION,1,,
BRCM,matched,BROADCOM COROPORATION,1,,
BRCM,matched,BROADCOM COROPRATION,1,,
BRCM,matched,BROADCOM CORORATION A CALIFORN,1,,
BRCM,matched,BROADCOM CORP A CALIFORNIA COP,1,,
BRCM,matched,BROADCOM CORP A CALIFORNICA CO,1,,
BRCM,matched,BROADCOM CORPOATION,1,,
BRCM,matched,BROADCOM CORPOATION A CALIFORN,1,,
BRCM,matched,BROADCOM CORPORAITON,1,,
BRCM,matched,BROADCOM CORPORATON A CALIFORN,1,,
BRCM,matched,BROADCOM CORPOTATION,1,,
BRCM,matched,BROADCOM CORPRATION,1,,
BRCM,matched,BROADCOM CROPORATION,1,,
BRCM,matched,BROADCOM EIREANN RES LTD,1,,
BRCM,matched,BROADCOM ISRAEL RES INC,1,,
BRCM,matched,BROADCOM NETWORKS SPAIN S L,1,,
BRCM,matched,BROADCOME CORP,1,,
CAVM,matched,CAVIUM INC,482,REVIEW,
CAVM,matched,CAVIUM LLC,159,REVIEW,
CAVM,matched,CAVIUM NETWORKS INC,33,REVIEW,
CAVM,matched,CAVIUM NETWORKS,16,,
CAVM,matched,CAVIUM INT,8,,
CAVM,matched,CAVIUM,1,,
CAVM,matched,CAVIUM ACQUISITION CORP,1,,
CAVM,matched,CAVIUM LLP,1,,
CAVM,matched,CAVIUM NETWORKS IN,1,,
CODE,matched,SPANSION LLC,1284,REVIEW,
CODE,matched,SPANSION L L C,8,,
CODE,matched,SPANSION LLC ADVANCED MICRO DE,3,,
CODE,matched,SPANSION INC,2,,
CODE,matched,SPANSION JAPAN LTD,2,,
CODE,matched,SPANSION,1,,
CODE,matched,SPANSION INC SPANSION LLC,1,,
CODE,matched,SPANSION ISREAL LTD,1,,
CODE,matched,SPANSION LLP,1,,
CRUS,matched,CIRRUS LOGIC INC,2688,REVIEW,
CRUS,matched,CIRRUS LOGIC INT SEMICONDUCTOR LTD,1525,REVIEW,
CRUS,matched,CIRRUS LOGIC INTERNAT UK LTD,16,,
CRUS,matched,CIRRUS LOGIC INT (UK) LTD,4,,
CRUS,matched,CIRRUS LOGIC INC E,1,,
CRUS,matched,CIRRUS LOGIC INT (U K ) LTD,1,,
CRUS,matched,CIRRUS LOGIC INT LTD,1,,
CRUS,matched,CIRRUS LOGIC INT UK LTD,1,,
CRUS,matched,CIRRUS LOGIC INTERNAT U K LTD,1,,
CRUS,matched,CIRRUS LOGIC INTERNATIONAL UK LTD,1,,
CRUS,matched,CIRRUS LOGICE INC,1,,
CY,matched,CYPRESS SEMICONDUCTOR CORP,3992,REVIEW,
CY,matched,CYPRESS SEMICONDUCTOR,12,,
CY,matched,CYPRESS SEMICONDUCTOR CORP BEL,7,,
CY,matched,CYPRESS SEMICONDUCTOR INC,6,,
CY,matched,CYPRESS SEMICONDUCTOR CANADA INC,3,,
CY,matched,CYPRESS SEMICONDUCTOR CORPORTI,2,,
CY,matched,CYPRESS SEMICONDUCTOR COMPANY,1,,
CY,matched,CYPRESS SEMICONDUCTOR COPRORATION,1,,
CY,matched,CYPRESS SEMICONDUCTOR CORP A C,1,,
CY,matched,CYPRESS SEMICONDUCTOR CORP SAN JOSE CA,1,,
CY,matched,CYPRESS SEMICONDUCTOR CORPOART,1,,
CY,matched,CYPRESS SEMICONDUCTOR CORPORAA,1,,
CY,matched,CYPRESS SEMICONDUCTOR LTD,1,,
CY,matched,CYPRESS SEMICONDUCTOR MINNESOT,1,,
CY,matched,CYPRESS SEMICONDUCTORCORP,1,,
CY,matched,CYPRESS SEMICONDUCTORS CORP,1,,
CY,matched,CYPRESS SEMICONDUCTORS LTD,1,,
DIOD,matched,DIODES INC,196,REVIEW,
DIOD,matched,DIODES INCOPORATED,1,,
DIOD,matched,DIODES INCORPORATED,1,,
FCS,matched,FAIRCHILD SEMICONDUCTOR,1381,REVIEW,
FCS,matched,FAIRCHILD SEMICONDUCTOR INC,5,,
FCS,matched,FAIRCHILD SEMICONDUCTOR (SUZHOU) CO LTD,1,,
FCS,matched,FAIRCHILD SEMICONDUCTOR CORP S,1,,
FCS,matched,FAIRCHILD SEMICONDUCTOR CORPOR,1,,
FCS,matched,FAIRCHILD SEMICONDUCTOR CORPORATION AND UNIV OF CONNECTICUT,1,,
FCS,matched,FAIRCHILD SEMICONDUCTOR CORPORATON,1,,
FCS,matched,FAIRCHILD SEMICONDUCTORS INC,1,,
FSL,matched,FREESCALE SEMICONDUCTOR INC,6889,REVIEW,
FSL,matched,FREESCALE SEMICONDUTOR INC,8,,
FSL,matched,FREESCALE SEMINCONDUCTOR INC,7,,
FSL,matched,FREESCALE SEMICONDCUTOR INC,5,,
FSL,matched,FREESCALE SEMICONDUCOTR INC,5,,
FSL,matched,FREESCALE INC,4,,
FSL,matched,FREESCALE SEMIOCNDUCTOR INC,4,,
FSL,matched,FREESCALE,2,,
FSL,matched,FREESCALE SEMICONDOCTOR INC,2,,
FSL,matched,FREESCALE SEMICONDUCTOR IMC,2,,
FSL,matched,FREESCALE SEMICONDUCTOR IN,2,,
FSL,matched,FREESCALE SIMICONDUCTOR INC,2,,
FSL,matched,FREESCALE SMEICONDUCTOR INC,2,,
FSL,matched,FREESCALESEMICONDUCTOR INC,2,,
FSL,matched,FREESCALE EMICONDUCTOR INC,1,,
FSL,matched,FREESCALE SECONDUCTOR INC,1,,
FSL,matched,FREESCALE SEIMCONDUCTOR INC,1,,
FSL,matched,FREESCALE SEIMICONDUCTOR INC,1,,
FSL,matched,FREESCALE SEMCONDUCTOR INC,1,,
FSL,matched,FREESCALE SEMICANDUCTOR INC,1,,
FSL,matched,FREESCALE SEMICAONDUCTOR INC,1,,
FSL,matched,FREESCALE SEMICONDDUCTOR INC,1,,
FSL,matched,FREESCALE SEMICONDUCOR INC,1,,
FSL,matched,FREESCALE SEMICONDUCTER INC,1,,
FSL,matched,FREESCALE SEMICONDUCTEURS FRAN,1,,
FSL,matched,FREESCALE SEMICONDUCTION INC,1,,
FSL,matched,FREESCALE SEMICONDUCTO INC,1,,
FSL,matched,FREESCALE SEMICONDUCTOER INC,1,,
FSL,matched,FREESCALE SEMICONDUCTOR CORP,1,,
FSL,matched,FREESCALE SEMICONDUCTOR INC A,1,,
FSL,matched,FREESCALE SEMICONDUCTOR INC A CORP,1,,
FSL,matched,FREESCALE SEMICONDUCTOR INC AU,1,,
FSL,matched,FREESCALE SEMICONDUCTOR INC AUSTIN,1,,
FSL,matched,FREESCALE SEMICONDUCTOR INC AUSTIN TEXAS,1,,
FSL,matched,FREESCALE SEMICONDUCTOR INC FO,1,,
FSL,matched,FREESCALE SEMICONDUCTOR INC FR,1,,
FSL,matched,FREESCALE SEMICONDUCTOR INC TX,1,,
FSL,matched,FREESCALE SEMICONDUCTOR WEST,1,,
FSL,matched,FREESCALE SEMICONDUCTROR INC,1,,
FSL,matched,FREESCALE SEMICONDUDCTOR INC,1,,
FSL,matched,FREESCALE SEMICONDUSTOR INC,1,,
FSL,matched,FREESCALE SEMICONUCTOR INC,1,,
FSL,matched,FREESCALE SEMICUNDUCTOR INC,1,,
FSL,matched,FREESCALE SEMIICONDUCTOR INC,1,,
FSL,matched,FREESCALE SSEMICONDUCTOR INC,1,,
FSL,matched,FREESCALES SEMICONDUCTOR INC,1,,
FSL,matched,FREESCALESE MICONDUCTOR INC,1,,
IDTI,matched,INTEGRATED DEVICE TECH,1318,REVIEW,
IDTI,matched,INTEGRATED DEVICE TECHNOLOGY,8,,
IDTI,matched,INTEGRATED DEVICE TECHNOLOGY INC,6,,
IDTI,matched,INTEGRATED DEVICE TECHNOLOGIES INC,3,,
IDTI,matched,INTEGRATED DEVICE TECHNOLOGIES,2,,
IDTI,matched,INTEGRATED DEVICE TECHNOLOGY L,2,,
IDTI,matched,INTEGRATED DEVICE TECHNOLGY INC,1,,
IDTI,matched,INTEGRATED DEVICE TECHNOLOY INC,1,,
INTC,matched,INTEL CORP,64974,REVIEW,
INTC,matched,INTEL IP CORP,2891,REVIEW,
INTC,matched,INTEL MOBILE COMM GMBH,669,REVIEW,
INTC,matched,INTEL DEUTSCHLAND GMBH,275,REVIEW,
INTC,matched,INTEL CORP A CALIFORNIA CORP,22,REVIEW,
INTC,matched,INTEL CORPORTATION,19,,
INTC,matched,INTEL MOBILE COMM TECHNOLOGY DRESDEN GMBH,15,,
INTC,matched,INTEL CORPROATION,12,,
INTC,matched,INTEL MOBILE COMM TECH GMBH,12,,
INTC,matched,INTEL CORPORAITON,11,,
INTC,matched,INTEL CORPORTION,11,,
INTC,matched,INTEL CORP AND INTEL IP CORP,9,,
INTC,matched,INTEL CORP INC,9,,
INTC,matched,INTEL CORP AND ANALOG DEVICES,6,,
INTC,matched,INTEL CORPORATON,6,,
INTC,matched,INTEL CORPRATION,5,,
INTC,matched,INTEL CORPOARTION,4,,
INTC,matched,INTEL CORPOATION,4,,
INTC,matched,INTEL CORPRORATION,3,,
INTC,matched,INTEL CORP INTEL,2,,
INTC,matched,INTEL CORPARATION,2,,
INTC,matched,INTEL CORPORAION,2,,
INTC,matched,INTEL CORPORARTION,2,,
INTC,matched,INTEL CORPORATIOON,2,,
INTC,matched,INTEL CORPORATOIN,2,,
INTC,matched,INTEL MOBILE COMMUNCIATIONS GMBH,2,,
INTC,matched,INTEL CORP (A CORP OF DELAWARE),1,,
INTC,matched,INTEL CORP A SANTA CLARA CALIF,1,,
INTC,matched,INTEL CORP A SANTA CLARA CORP,1,,
INTC,matched,INTEL CORP CALIFORNIA CORP,1,,
INTC,matched,INTEL CORP ET AL,1,,
INTC,matched,INTEL CORP INTEL IP CORP,1,,
INTC,matched,INTEL CORP SANTA,1,,
INTC,matched,INTEL CORP SANTA CLARA CA,1,,
INTC,matched,INTEL CORP SCIENCE & TECHNOLOG,1,,
INTC,matched,INTEL CORPOORATION,1,,
INTC,matched,INTEL CORPOR ATION,1,,
INTC,matched,INTEL CORPORAQTION,1,,
INTC,matched,INTEL CORPORARION,1,,
INTC,matched,INTEL CORPORATIN,1,,
INTC,matched,INTEL CORPORATINO,1,,
INTC,matched,INTEL CORPORATIOIN,1,,
INTC,matched,INTEL CORPORATIONS,1,,
INTC,matched,INTEL CORPORATITON,1,,
INTC,matched,INTEL CORPOREATION,1,,
INTC,matched,INTEL CORPORRATION,1,,
INTC,matched,INTEL CORPORTAION,1,,
INTC,matched,INTEL CORPOTATION,1,,
INTC,matched,INTEL DEUTSCHLAND,1,,
INTC,matched,INTEL IP COLLEGE BLVD,1,,
INTC,matched,INTEL IP CORPORAITON,1,,
INTC,matched,INTEL IPCORPORATION,1,,
INTC,matched,INTEL MOBILE COMM,1,,
IPHI,matched,INPHI CORP,610,REVIEW,
IPHI,matched,INPHI COPORATION,1,,
IRF,matched,INT RECTIFIER CORP,1666,REVIEW,
ISIL,matched,INTERSIL INC,894,REVIEW,
ISIL,matched,INTERSIL CORP,138,REVIEW,
ISIL,matched,INTERSIL AMERICAS INC STATE OF,6,,
ISIL,matched,INTERSIL AMERICA S INC,4,,
ISIL,matched,INTERSIL AMERICANS INC,4,,
ISIL,matched,INTERSIL COMMUNICATIONS INC,4,,
ISIL,matched,INTERSIL AMERICA INC,3,,
ISIL,matched,INTERSIL AMERICAN INC,2,,
ISIL,matched,INTERSILICONE LTD,2,,
ISIL,matched,INTERSIL AMERCAS INC,1,,
ISIL,matched,INTERSIL AMERICA,1,,
ISIL,matched,INTERSIL AMERICA LLC,1,,
ISIL,matched,INTERSIL AMERICANS LLC,1,,
ISIL,matched,INTERSIL CORP INC,1,,
ISIL,matched,INTERSILL AMERICAS INC,1,,
ISIL,matched,INTERSILMA BV,1,,
LLTC,matched,LINEAR TECHN INC,643,REVIEW,
LLTC,matched,LINEAR TECH CORP,110,REVIEW,
LLTC,matched,LINEAR TECH HOLDING LLC,49,REVIEW,
LLTC,matched,LINEAR TECH LLC,15,,
LLTC,matched,LINEAR TECHNOLOGY,2,,
LLTC,matched,LINEAR TECH CO LTD,1,,
LLTC,matched,LINEAR TECH HOLDINGS LLC,1,,
LLTC,matched,LINEAR TECHN CORP,1,,
LLTC,matched,LINEAR TECHNOLOGIES CORP,1,,
LLTC,matched,LINEAR TECHNOLOGY CORPORTION,1,,
LLTC,matched,LINEAR TECHOLOGY CORP,1,,
LSCC,matched,LATTICE SEMICONDUCTOR CORP,808,REVIEW,
LSCC,matched,LATTICE SEMICONDUCTOR CORP A D,1,,
LSCC,matched,LATTICE SEMICONDUCTOR CROP,1,,
LSI,matched,LSI LOGIC CORP,4145,REVIEW,
LSI,matched,LSI CORP,3338,REVIEW,
LSI,matched,LSI LOGIC,9,,
LSI,matched,LSI LOGIC CORP A DELAWARE CORP,8,,
LSI,matched,LSI LOGIC PRODUCTS GMBH,5,,
LSI,matched,LSI CORP OF AMERICA INC,3,,
LSI,matched,LSI LOGIC INC,3,,
LSI,matched,LSI CORPORTION,2,,
LSI,matched,LSI LOGIC CORPORTION,2,,
LSI,matched,LSI CORPORATIOIN,1,,
LSI,matched,LSI CORPORATON,1,,
LSI,matched,LSI CORPPRATION,1,,
LSI,matched,LSI LOGIC COPORATION,1,,
LSI,matched,LSI LOGIC CORORATION,1,,
LSI,matched,LSI LOGIC CORP INC,1,,
LSI,matched,LSI LOGIC CORP MILPITAS CA,1,,
LSI,matched,LSI LOGIC CORPORATIION,1,,
LSI,matched,LSI LOGIC CORPORATINO,1,,
LSI,matched,LSI LOGIC CORPORATIO,1,,
LSI,matched,LSI LOGIC CORPORATIOIN,1,,
LSI,matched,LSI LOGIC GORPORATION,1,,
LSI,matched,LSI LOGIC JAPAN SEMICONDUCTOR,1,,
LSI,matched,LSI LOGICE CORP,1,,
MCHP,matched,MICROCHIP TECH INC,1898,REVIEW,
MCHP,matched,MICROCHIP TECH GERMANY GMBH,32,REVIEW,
MCHP,matched,MICROCHIP TECHNOLOGY GERMANY GMBH,22,REVIEW,
MCHP,matched,MICROCHIP TECH CALDICOT LIMITED,11,,
MCHP,matched,MICROCHIP TECH INCORPORATED,10,,
MCHP,matched,MICROCHIP TECH GERMANY II GMBH,3,,
MCHP,matched,MICROCHIP TECHNOLOGIES INC,3,,
MCHP,matched,MICROCHIP TECHNOLOGY GERMANY GMBH II & CO KG,3,,
MCHP,matched,MICROCHIP TECH GERMANY GMBH II & CO KG,2,,
MCHP,matched,MICROCHIP TECH GERMANY II GMBH & CO KG,2,,
MCHP,matched,MICROCHIP TECH CORPORATION,1,,
MCHP,matched,MICROCHIP TECH GERMAN II GMBH & CO KG,1,,
MCHP,matched,MICROCHIP TECH INCORPORATE,1,,
MCHP,matched,MICROCHIP TECH INCORPORTATED,1,,
MCHP,matched,MICROCHIP TECH INCORPRORATED,1,,
MCHP,matched,MICROCHIP TECH LIMITED,1,,
MCHP,matched,MICROCHIP TECHNOLGOY INCORPORATED,1,,
MCHP,matched,MICROCHIP TECHNOLOGY GERMANY GMBH & CO KG,1,,
MCHP,matched,MICROCHIP TECHNOLOGY INCORPORT,1,,
MCHP,matched,MICROCHIP TECHNOLOGY INCORPRAT,1,,
MLNX,matched,MELLANOX TECHNOLOGIES LTD,1385,REVIEW,
MLNX,matched,MELLANOX TECH TLV LTD,142,REVIEW,
MLNX,matched,MELLANOX TECH SILICON PHOTONICS INC,26,REVIEW,
MLNX,matched,MELLANOX TECH DENMARK APS,14,,
MLNX,matched,MELLANOX TECH LTD,7,,
MLNX,matched,MELLANOX TECHNOLOGIES DENMARK APS,6,,
MLNX,matched,MELLANOX TECHNOLOGIES SILICON PHOTONICS INC,5,,
MLNX,matched,MELLANOX TECHNOLOGIES TLV LTD,5,,
MLNX,matched,MELLANOX TECH DEMARK APS,1,,
MLNX,matched,MELLANOX TECH INC,1,,
MLNX,matched,MELLANOX TECH TLC LTD,1,,
MLNX,matched,MELLANOXTECHNOLOGIES LTD,1,,
MPWR,matched,MONOLITHIC POWER SYSTEMS INC,474,REVIEW,
MPWR,matched,MONOLITHIC POWER SYSTEMS,3,,
MPWR,matched,MONOLITHIC POWER SYSTEMS CO INC,2,,
MPWR,matched,MONOLITHIC POWER SYSTEM INC,1,,
MPWR,matched,MONOLITHIC POWER SYSTEMS INCC,1,,
MPWR,matched,MONOLITHIC POWER SYTEMS INC,1,,
MRVL,matched,MARVELL INT LTD,5374,REVIEW,
MRVL,matched,MARVELL WORLD TRADE LTD,2163,REVIEW,
MRVL,matched,MARVELL ASIA PTE LTD,1365,REVIEW,
MRVL,matched,MARVELL ISRAEL MISL LTD,588,REVIEW,
MRVL,matched,MARVELL INT TECHNOLOGY LTD,120,REVIEW,
MRVL,matched,MARVELL ISRAEL (M I S L) LTD,80,REVIEW,
MRVL,matched,MARVELL SEMICONDUCTOR ISRAEL,53,REVIEW,
MRVL,matched,MARVELL HISPANIA S L U,21,REVIEW,
MRVL,matched,MARVELL SEMICONDUCTOR INC,21,REVIEW,
MRVL,matched,MARVELL ISRAEL (M I S L ) LTD,14,,
MRVL,matched,MARVELL ASIA PTE LTD REGISTRATION NO 199702379M,13,,
MRVL,matched,MARVELL TECHNOLOGY GROUP LTD,9,,
MRVL,matched,MARVELL HISPANIA SL,7,,
MRVL,matched,MARVELL ISRAEL M L S L LTD,5,,
MRVL,matched,MARVELL INTERNATIONAL INC,4,,
MRVL,matched,MARVELL INTERNAT,3,,
MRVL,matched,MARVELL INTERNATONAL LTD,3,,
MRVL,matched,MARVELL ISRAEL (M L S L) LTD,3,,
MRVL,matched,MARVELL ISRAEL LTD,3,,
MRVL,matched,MARVELL ISREAL M I S L LTD,3,,
MRVL,matched,MARVELL TECHNOLOGY JAPAN Y K,3,,
MRVL,matched,MARVELL WORD TRADE LTD,3,,
MRVL,matched,MARVELL ASIAN PTE LTD,2,,
MRVL,matched,MARVELL INT TECH LTD,2,,
MRVL,matched,MARVELL INTERNAT TECHNOLOGIES,2,,
MRVL,matched,MARVELL INTERNTIONAL LTD,2,,
MRVL,matched,MARVELL ISRAEL (MISL) LTD,2,,
MRVL,matched,MARVELL ISRAEL M I S I LTD,2,,
MRVL,matched,MARVELL ISRAEL M I S L,2,,
MRVL,matched,MARVELL JAPAN K K,2,,
MRVL,matched,MARVELL RIANTA SEMICONDUCTOR ULC,2,,
MRVL,matched,MARVELL TECHNOLOGY GROUP,2,,
MRVL,matched,MARVELL AISA PTE LTD,1,,
MRVL,matched,MARVELL ASIA PATE LTD,1,,
MRVL,matched,MARVELL ASIA PTE,1,,
MRVL,matched,MARVELL ASIA PTE LTD (REGISTRATION NO 199702379M),1,,
MRVL,matched,MARVELL ASIE PTE LTD,1,,
MRVL,matched,MARVELL D S P C LTD,1,,
MRVL,matched,MARVELL DSPC LTD,1,,
MRVL,matched,MARVELL GOVERNMENT SOLUTIONS LLC,1,,
MRVL,matched,MARVELL INERNAT LTD,1,,
MRVL,matched,MARVELL INT LLC,1,,
MRVL,matched,MARVELL INTENAT LTD,1,,
MRVL,matched,MARVELL INTENATIONAL LTD,1,,
MRVL,matched,MARVELL INTENTIONAL LTD,1,,
MRVL,matched,MARVELL INTERATIONAL LTD,1,,
MRVL,matched,MARVELL INTERNAITONAL LTD,1,,
MRVL,matched,MARVELL INTERNAT LTD ARGYLE HO,1,,
MRVL,matched,MARVELL INTERNAT TECNOLOGY LTD,1,,
MRVL,matched,MARVELL INTERNATION LTD,1,,
MRVL,matched,MARVELL INTERNATIONA LTD,1,,
MRVL,matched,MARVELL INTERNATIONL LTD,1,,
MRVL,matched,MARVELL INTERNTATIONAL LTD,1,,
MRVL,matched,MARVELL ISRAEL (M L S L ) LTD,1,,
MRVL,matched,MARVELL ISRAEL MIL LTD,1,,
MRVL,matched,MARVELL ISRALE M I S L LTD,1,,
MRVL,matched,MARVELL ISREAL (M I S L ) LTD,1,,
MRVL,matched,MARVELL ISREAL LTD M I S L,1,,
MRVL,matched,MARVELL ISTRAEL (M I S L) LTD,1,,
MRVL,matched,MARVELL LNTERNATIONAL LTD,1,,
MRVL,matched,MARVELL LUTERNAT LTD,1,,
MRVL,matched,MARVELL SEMICONDUCTOR,1,,
MRVL,matched,MARVELL SEMICONDUCTOR INTERNAT,1,,
MRVL,matched,MARVELL SEMICONDUCTOR ISRAEL LTD,1,,
MRVL,matched,MARVELL SEMICONDUCTOR ISREAEL,1,,
MRVL,matched,MARVELL WOLD TRADE LTD,1,,
MRVL,matched,MARVELL WORL TRADE LTD,1,,
MRVL,matched,MARVELL WORLD TRADE INTERNAT,1,,
MRVL,matched,MARVELL WORLD TRADE LID,1,,
MRVL,matched,MARVELL WORLD TRADE LLC,1,,
MRVL,matched,MARVELL WORLD TRADE LTD ST MICHAEL,1,,
MRVL,matched,MARVELL WORLD TRADER LTD,1,,
MRVL,matched,MARVELL WORLD TRADTE LTD,1,,
MRVL,matched,MARVELL WORLD TRAVEL LTD,1,,
MRVL,matched,MARVELLWORLD TRADE LTD,1,,
MSCC,matched,MICROSEMI CORP,255,REVIEW,
MSCC,matched,MICROSEMI SOC CORP,97,REVIEW,
MSCC,matched,MICROSEMI CORP ANALOG MIXED SI,78,REVIEW,
MSCC,matched,MICROSEMI SEMICONDUCTOR ULC,47,REVIEW,
MSCC,matched,MICROSEMI STORAGE SOLUTIONS (U S ) INC,41,REVIEW,
MSCC,matched,MICROSEMI SOLUTIONS U S INC,25,REVIEW,
MSCC,matched,MICROSEMI STORAGE SOLUTIONS INC,22,REVIEW,
MSCC,matched,MICROSEMI STORAGE SOLUTIONS U S INC,22,REVIEW,
MSCC,matched,MICROSEMI SEMICONDUCTOR U S INC,21,REVIEW,
MSCC,matched,MICROSEMI SOLUTIONS (U S ) INC,18,,
MSCC,matched,MICROSEMI CORP —ANALOG MIXED SIGNAL GROUP LTD,17,,
MSCC,matched,MICROSEMI P O E LTD,17,,
MSCC,matched,MICROSEMI FREQUENCY AND TIME CORP,11,,
MSCC,matched,MICROSEMI COMMUNICATIONS INC,10,,
MSCC,matched,MICROSEMI STORAGE SOLUTIONS (US) INC,10,,
MSCC,matched,MICROSEMI SEMICONDUCTOR CORP,9,,
MSCC,matched,MICROSEMI SEMICONDUCTOR LTD,8,,
MSCC,matched,MICROSEMI SEMICONDUCTOR (U S ) INC,5,,
MSCC,matched,MICROSEMI SOLUTIONS US INC,4,,
MSCC,matched,MICROSEMI CORP & MDASH ANALOG MIXED SIGNAL GROUP LTD,2,,
MSCC,matched,MICROSEMI CORP - ANALOG MIXED SIGNAL GROUP LTD,2,,
MSCC,matched,MICROSEMI CORP POWER PRODUCTS,2,,
MSCC,matched,MICROSEMI MICROWAVE PRODUCTS I,2,,
MSCC,matched,MICROSEMI SEMICONDUCTOR AB,2,,
MSCC,matched,MICROSEMI CORP & MDASH ANALOG,1,,
MSCC,matched,MICROSEMI CORP - SECURITY SOLUTIONS,1,,
MSCC,matched,MICROSEMI CORP -ANALOG MIXED SIGNAL GROUP LTD,1,,
MSCC,matched,MICROSEMI CORP ANALOGED MIXED SIGNAL GROUP LTD,1,,
MSCC,matched,MICROSEMI CORP SECURITY SOLUTIONS,1,,
MSCC,matched,MICROSEMI CORP —HIGH PERFORMANCE TESTING,1,,
MSCC,matched,MICROSEMI INC,1,,
MSCC,matched,MICROSEMI STORAGE SOLUTIONS LTD,1,,
MSCC,matched,MICROSEMI STORAGE SOLUTIONS US INC,1,,
MTSI,matched,MACOM TECH SOLUTIONS HOLDINGS INC,437,REVIEW,
MTSI,matched,M A COM TECHNOLOGY SOLUTIONS HOLDINGS INC,38,REVIEW,
MTSI,matched,MACOM CONNECTIVITY SOLUTIONS LLC,25,REVIEW,
MTSI,matched,M/A-COM TECH SOLUTIONS HOLDINGS INC,23,REVIEW,
MTSI,matched,MACOM TECH SOLUTIONS HOLDING INC,16,,
MTSI,matched,M A COM EUROTEC B V,10,,
MTSI,matched,M A COM PRIVATE RADIO SYSTEMS,10,,
MTSI,matched,M A COM TECHNOLOGY SOLUTIONS H,8,,
MTSI,matched,MACOME CORP,8,,
MTSI,matched,M A COM EUROTEC BV,6,,
MTSI,matched,M A COM,5,,
MTSI,matched,MACOMIC CHESTER A,5,,
MTSI,matched,MACOM S R L,4,,
MTSI,matched,MACOM TECH SOLUTION HOLDINGS INC,4,,
MTSI,matched,MACOMIC CORP,4,,
MTSI,matched,M A COM EUROTEC,2,,
MTSI,matched,M A COM INC AND M A COM EUROTE,2,,
MTSI,matched,MACOM ERIC P,2,,
MTSI,matched,M A COM ADAMS RUSSELL INC,1,,
MTSI,matched,M A COM CORP,1,,
MTSI,matched,M A COM EUROTEC OPERATIONS,1,,
MTSI,matched,M A COM LIGHT CONTROL SYSTEMS,1,,
MTSI,matched,MACOM CONNICTIVITY SOLUTIONS LLC,1,,
MTSI,matched,MACOM JOHN N,1,,
MTSI,matched,MACOM JOHN NICHOLAS,1,,
MTSI,matched,MACOM TECH HOLDINGS INC,1,,
MTSI,matched,MACOM TECH SOLUTIONS HOLDINGS LLC,1,,
MTSI,matched,MACOM TECH SOULTIONS HOLDINGS INC,1,,
MTSI,matched,MACOM TECHNOLOGY SOLUTIONS HOLDINGS INC,1,,
MTSI,matched,MACOM THOMAS E,1,,
MTSI,matched,MACOMA INGBUREAU,1,,
MTSI,matched,MACOMB INTERMEDIATE SCHOOL DIS,1,,
MTSI,matched,MACOMB LESTER M,1,,
MTSI,matched,MACOMB MFG COMPANY,1,,
MTSI,matched,MACOMB POULTRY SUPPLY COMPANY,1,,
MTSI,matched,MACOMB SHEET METAL WORKS,1,,
MTSI,matched,MACOMICS LTD,1,,
MTSI,matched,MACOMIE CHESTER A,1,,
MTSI,matched,MACOMSON JAMES B,1,,
MU,matched,MICRON TECHNOLOGY INC,44262,REVIEW,
MU,matched,MICRON ELECTRONICS INC,402,REVIEW,
MU,matched,MICRON SEMICONDUCTOR INC,156,REVIEW,
MU,matched,MICRON COMMUNICATIONS INC,97,REVIEW,
MU,matched,MICRON DISPLAY TECH INC,88,REVIEW,
MU,matched,MICRON QUANTUM DEVICES INC,55,REVIEW,
MU,matched,MICRON TECHNOLOGIES INC,55,REVIEW,
MU,matched,MICRON TECH INC,45,REVIEW,
MU,matched,MICRON TECHNOLGY INC,34,REVIEW,
MU,matched,MICRONTECHNOLOGY INC,13,,
MU,matched,MICRON TECH,9,,
MU,matched,MICRON TECHOLOGY INC,9,,
MU,matched,MICRON TECHNOLOGY INC A CORP O,8,,
MU,matched,MICRON TECHNOLOY INC,8,,
MU,matched,MICRON TECHNOLOGY INC A DELAWA,7,,
MU,matched,MICRON TECNOLOGY INC,7,,
MU,matched,MICRON TECHNOLGOY INC,5,,
MU,matched,MICRON TECHNOLOGY INC A CORP,5,,
MU,matched,MICRON TECHONOLOGY INC,5,,
MU,matched,MICRON TEHNOLOGY INC,5,,
MU,matched,MICRON CUSTOM MANUFACTURING SE,4,,
MU,matched,MICRON TECHNOLOGY CORP,4,,
MU,matched,MICRON ELETRONICS INC,3,,
MU,matched,MICRON TECHNOGY INC,3,,
MU,matched,MICRON COMMUNICATION INC,2,,
MU,matched,MICRON PC LLC,2,,
MU,matched,MICRON TECH LNC,2,,
MU,matched,MICRON TECHNLOGY INC,2,,
MU,matched,MICRON TECHNNOLOGY INC,2,,
MU,matched,MICRON TECHNOLOG INC,2,,
MU,matched,MICRON TECHNOLOGY IND,2,,
MU,matched,MICRON TECHNOLOGY LNC,2,,
MU,matched,MICRON TECHNOLOGY P A,2,,
MU,matched,MICRON TECHNOLOLGY INC,2,,
MU,matched,MICRON TECHNOLOOGY INC,2,,
MU,matched,MICRONPC LLC,2,,
MU,matched,MICRON COMMUNICATIONS,1,,
MU,matched,MICRON CUSTOM MANUFACTURING IN,1,,
MU,matched,MICRON DISPLAY,1,,
MU,matched,MICRON DISPLAY INC,1,,
MU,matched,MICRON DISPLAY TECHNOLOGY,1,,
MU,matched,MICRON ELECTONICS INC,1,,
MU,matched,MICRON ELECTRONICS LLP,1,,
MU,matched,MICRON MEMORY JAPAN INC,1,,
MU,matched,MICRON TCHNOLOGY INC,1,,
MU,matched,MICRON TECH HOLDING INC,1,,
MU,matched,MICRON TECH IMC,1,,
MU,matched,MICRON TECH INC/,1,,
MU,matched,MICRON TECH LICENSING LLC,1,,
MU,matched,MICRON TECH LLP,1,,
MU,matched,MICRON TECH P C,1,,
MU,matched,MICRON TECH WAY,1,,
MU,matched,MICRON TECHNLOLOGY INC,1,,
MU,matched,MICRON TECHNOIOGY INC,1,,
MU,matched,MICRON TECHNOLNOLOGY INC,1,,
MU,matched,MICRON TECHNOLOAY INC,1,,
MU,matched,MICRON TECHNOLOGGY INC,1,,
MU,matched,MICRON TECHNOLOGH INC,1,,
MU,matched,MICRON TECHNOLOGIES CORP,1,,
MU,matched,MICRON TECHNOLOGIES NC,1,,
MU,matched,MICRON TECHNOLOGOY INC,1,,
MU,matched,MICRON TECHNOLOGY IN,1,,
MU,matched,MICRON TECHNOLOGY IN C,1,,
MU,matched,MICRON TECHNOLOGY INC AND IDAH,1,,
MU,matched,MICRON TECHNOLOGY INC BOISE ID,1,,
MU,matched,MICRON TECHNOLOGY INC CLARENDO,1,,
MU,matched,MICRON TECHNOLOGY INCL,1,,
MU,matched,MICRON TECHNOLOGY INCV,1,,
MU,matched,MICRON TECHNOLOGY ING,1,,
MU,matched,MICRON TECHNOLOGY INS,1,,
MU,matched,MICRON TECHNOLOGY INST,1,,
MU,matched,MICRON TECHNOLOGY LICENSING LLC,1,,
MU,matched,MICRON TECHNOLOGY LLC,1,,
MU,matched,MICRON TECHNOLOPGY INC,1,,
MU,matched,MICRON TECHNOLOTY INC,1,,
MU,matched,MICRON TECHNONLOGY INC,1,,
MU,matched,MICRON TECHONLOGY INC,1,,
MU,matched,MICRON TEDHNOLOGY INC,1,,
MU,matched,MICRONBTECHNOLOGY INC,1,,
MU,matched,MICRONG TECHNOLOGY INC,1,,
MX,matched,MAGNACHIP SEMICONDUCTOR LTD,604,REVIEW,
MX,matched,MAGNACHIP MIXED SIGNAL LTD,21,REVIEW,
MX,matched,MAGNACHIP SEMICONDUCTOR INC,4,,
MX,matched,MAGNACHIP SEMINCONDUCTOR LTD,3,,
MX,matched,MAGNACHIP SEMICONDUCTOR,2,,
MX,matched,MAGNACHIP SEMICONDUTOR LTD,1,,
MXIM,matched,MAXIM INTEGRATED PRODUCTS,1400,REVIEW,
MXIM,matched,MAXIM INTEGRATED PRODUCTS GMBH,8,,
MXIM,matched,MAXIM INTEGRATED INC,6,,
MXIM,matched,MAXIM INTEGRATED GMBH,4,,
MXIM,matched,MAXIM INTEGRATED PRODUCT INC,2,,
MXIM,matched,MAXIM INTEGRATED PRODCUTS INC,1,,
MXIM,matched,MAXIM INTEGRATED PRODUCTS IC,1,,
MXIM,matched,MAXIM INTEGRATED PRODUCTS INC,1,,
MXIM,matched,MAXIM INTEGRATED PROEDUCTS INC,1,,
MXIM,matched,MAXIM INTEGRATED SYSTEMS INC,1,,
MXL,matched,MAXLINEAR INC,975,REVIEW,
MXL,matched,MAXLINEAR ASIA SINGAPORE PRIVATE LTD,31,REVIEW,
MXL,matched,MAXLINEAR ASIA SINGAPORE PTY LTD,1,,
MXL,matched,MAXLINEAR IN,1,,
MXL,matched,MAXLINEAR INCORPORATED,1,,
MXL,matched,MAXLINEAR ISRAEL LTD,1,,
MXL,matched,MAXLINEAR ISREAL LTD,1,,
NSM,matched,NAT SEMICONDUCTOR CORP,4941,REVIEW,
NSM,matched,NAT SEMICONDUCTOR GERMANY AG,20,REVIEW,
NSM,matched,NAT SEMICONDUCTOR CORP A DELAW,11,,
NSM,matched,NAT SEMICONDUCTOR CORPORATION,10,,
NSM,matched,NAT SEMICONDUCTOR INC,6,,
NSM,matched,NAT SEMICONDUCTOR COMPANY,1,,
NSM,matched,NAT SEMICONDUCTOR CORP THE,1,,
NSM,matched,NAT SEMICONDUCTOR CORPORATED,1,,
NSM,matched,NAT SEMICONDUCTOR CORPORATON,1,,
NSM,matched,NAT SEMICONDUCTOR CORPORTAION,1,,
NVDA,matched,NVIDIA CORP,8475,REVIEW,
NVDA,matched,NVIDIA INTERNATIONAL INC,16,,
NVDA,matched,NVIDIA TECHNOLOGY UK LTD,14,,
NVDA,matched,NVIDIA,12,,
NVDA,matched,NVIDIA U S INVEST COMPANY,6,,
NVDA,matched,NVIDIA CORPORTION,3,,
NVDA,matched,NVIDIA TECH UK LTD,3,,
NVDA,matched,NVIDIA CORPORARTION,2,,
NVDA,matched,NVIDIA CORPRATION,2,,
NVDA,matched,NVIDIA CORPROATION,2,,
NVDA,matched,NVIDIA Corporaton,2,,
NVDA,matched,NVIDIA TECH INC,2,,
NVDA,matched,NVIDIA US INVEST COMPANY,2,,
NVDA,matched,NVIDIA Corporatin,1,,
NVDA,matched,NVIDIA DENMARK APS,1,,
NVDA,matched,NVIDIA US INVEST CO,1,,
NVDA,matched,NVIDIA US INVESTMENT CO,1,,
NXPI,matched,NXP BV,6691,REVIEW,
NXPI,matched,NXP USA INC,3239,REVIEW,
NXPI,matched,NXP AERONAUTICS RES LLC,14,,
NXPI,matched,NXP B V,13,,
NXPI,matched,NXP CANADA INC,4,,
NXPI,matched,NXP B V DUTCH CORP,3,,
NXPI,matched,NXP N V,2,,
NXPI,matched,NXP SEMICONDUCTORS,2,,
NXPI,matched,NXP SEMICONDUCTORS NETHERLANDS B V,2,,
NXPI,matched,NXP,1,,
NXPI,matched,NXP B B,1,,
NXPI,matched,NXP B V INTELLECTUAL PROPERTY & LICENSING,1,,
NXPI,matched,NXP ENHANCED CONDUCTOR SCIENCES LLC,1,,
NXPI,matched,NXP SEMICONDUCTOR NETHERLANDS B V,1,,
NXPI,matched,NXP USA,1,,
NXPI,matched,NXP USA INX,1,,
ON,matched,SEMICONDUCTOR COMPONENTS IND LLC,3012,REVIEW,
ON,matched,SEMICONDUCTOR COMPONENTS IND,1555,REVIEW,
ON,matched,ON SEMICONDUCTOR TRADING LTD,108,REVIEW,
ON,matched,ON SEMICONDUCTOR,7,,
ON,matched,ON SEMICONDUCTOR CONNECTIVITY SOLUTIONS INC,7,,
ON,matched,ON SEMICONDUCTOR TRADING LTD A BERMUDA LTD LIABILITY COMPANY,4,,
ON,matched,ON SEMICONDUCTOR IMAGE SENSOR,2,,
ON,matched,ON SEMICONDUCTOR TRADING LTD A BERMUDA LTD COMPANY,1,,
ON,matched,ON SEMICONDUCTOR TRADING LTD A BERMUDA LTD LIABLITY COMPANY,1,,
ON,matched,ON SEMICONDUCTOR TRADING LTD HAMILTON BERMUDA,1,,
ON,matched,SEMICONDUCTOR COMPONENTS IND I,1,,
ON,matched,SEMICONDUCTOR COMPONENTS IND LLC BHB,1,,
ON,matched,SEMICONDUCTOR COMPONENTS IND LLC PHOENIX AZ,1,,
ON,matched,SEMICONDUCTOR COMPONENTS INDUSTIRES LLC,1,,
ON,matched,SEMICONDUCTOR COMPONENTS INDUTRIES LLC,1,,
ON,matched,SEMICONDUCTOR COMPONENTS INUDU,1,,
OVTI,matched,OMNIVISION TECH INC,1571,REVIEW,
OVTI,matched,OMNIVISION SENSOR SOLUTION SHANGHAI CO LTD,19,,
OVTI,matched,OMNIVISION TECH SHANGHAI CO,16,,
OVTI,matched,OMNIVISION CDM OPTICS INC,13,,
OVTI,matched,OMNIVISION INTERNAT HOLDING LT,10,,
OVTI,matched,OMNIVISION SEMICONDUCTOR SHANGHAI CO LTD,8,,
OVTI,matched,OMNIVISION TECH SHANGHAI CO LTD,4,,
OVTI,matched,OMNIVISION TDDI ONTARIO LP,3,,
OVTI,matched,OMNIVISION CO LTD,2,,
OVTI,matched,OMNIVISION INTERNAT HOLDING LTD,2,,
OVTI,matched,OMNIVISION OPTOELECTRONICS TECH SHANGHAI CO LTD,2,,
OVTI,matched,OMNIVISION OPTOELECTRONICS TECHNOLOGIES SHANGHAI CO LTD,2,,
OVTI,matched,OMNIVISION TECHNOLGIES INC,2,,
OVTI,matched,OMNIVISION,1,,
OVTI,matched,OMNIVISION INC,1,,
OVTI,matched,OMNIVISION OPTOELECTRONICS TECH (SHANGHAI) CO LTD,1,,
OVTI,matched,OMNIVISION SEMICONDUCTOR (SHANGHAI) CO LTD,1,,
OVTI,matched,OMNIVISION TECH (SHANGHAI) CO LTD,1,,
OVTI,matched,OMNIVISION TECH INC OMNIVISION TECH INC,1,,
OVTI,matched,OMNIVISION TECHNOLOIGIES INC,1,,
OVTI,matched,OMNIVISION TECHNOLOLGIES INC,1,,
OVTI,matched,OMNIVISION TECNHOLOGIES INC,1,,
PMCS,matched,PMC SIERRA INC,250,REVIEW,
PMCS,matched,PMC SIERRA US INC,160,REVIEW,
PMCS,matched,PMC SIERRA LTD,77,REVIEW,
PMCS,matched,PMC SIERRA ISRAEL LTD,34,REVIEW,
PMCS,matched,PMC-SIERRA US INC,22,REVIEW,
PMCS,matched,PMC SIERRA,3,,
PMCS,matched,PMC SIERRA MARYLAND INC,3,,
PMCS,matched,PMC SIERRA INERTNATIONAL INC,1,,
PMCS,matched,PMC SIERRA USA INC,1,,
POWI,matched,POWER INTEGRATIONS INC,1115,REVIEW,
POWI,matched,POWER INTEGRATIONS SWITZERLAND GMBH,12,,
POWI,matched,POWER INTEGRATIONS LTD,3,,
POWI,matched,POWER INTEGRATIONS GMBH,1,,
QCOM,matched,QUALCOMM INC,59682,REVIEW,
QCOM,matched,QUALCOMM MEMS TECHNOLOGIES INC,1062,REVIEW,
QCOM,matched,QUALCOMM TECHNOLOGIES INC,255,REVIEW,
QCOM,matched,QUALCOMM ATHEROS INC,229,REVIEW,
QCOM,matched,QUALCOMM INCORPORATED,155,REVIEW,
QCOM,matched,QUALCOMM INNOVATION CT INC,148,REVIEW,
QCOM,matched,QUALCOMM TECHNOLOGIES INT LTD,131,REVIEW,
QCOM,matched,QUALCOMM INCORPORTED,42,REVIEW,
QCOM,matched,QUALCOMM INCORPROATED,33,REVIEW,
QCOM,matched,QUALCOMM CONNECTED EXPERIENCES INC,27,REVIEW,
QCOM,matched,QUALCOMM lncorporated,20,REVIEW,
QCOM,matched,QUALCOMM SWITCH CORP,16,,
QCOM,matched,QUALCOMM INCORPORATE,15,,
QCOM,matched,QUALCOMM ISKOOT INC,12,,
QCOM,matched,QUALCOMM INCORPOATED,11,,
QCOM,matched,QUALCOMM INCORPRATED,10,,
QCOM,matched,QUALCOMM AUTO LTD,8,,
QCOM,matched,QUALCOMMM INC,8,,
QCOM,matched,QUALCOMM CORP,6,,
QCOM,matched,QUALCOMM INCORORATED,5,,
QCOM,matched,QUALCOMM LABS INC,5,,
QCOM,matched,QUALCOMM TECH INCORPORATED,5,,
QCOM,matched,QUALCOMM INCORPORATD,4,,
QCOM,matched,QUALCOMM INCRPORATED,4,,
QCOM,matched,QUALCOMM MEMS TECHNOLOGIES,4,,
QCOM,matched,QUALCOMMINCORPORATED,4,,
QCOM,matched,QUALCOMM,3,,
QCOM,matched,QUALCOMM ATHEROS TECHNOLOGY LTD,3,,
QCOM,matched,QUALCOMM CAMBRIDGE LTD,3,,
QCOM,matched,QUALCOMM ICORPORATED,3,,
QCOM,matched,QUALCOMM INC INC,3,,
QCOM,matched,QUALCOMM INCORPARATED,3,,
QCOM,matched,QUALCOMM INCORPORTATED,3,,
QCOM,matched,QUALCOMM INTELLIGENT SOLUTIONS INC,3,,
QCOM,matched,QUALCOMM Incorpated,3,,
QCOM,matched,QUALCOMM MEMS TECHNOLGIES INC,3,,
QCOM,matched,QUALCOMM MEMS TECHOLOGIES INC,3,,
QCOM,matched,QUALCOMM lncornorated,3,,
QCOM,matched,QUALCOMM INCOPRORATED,2,,
QCOM,matched,QUALCOMM INCOROPORATED,2,,
QCOM,matched,QUALCOMM INCORPORAT,2,,
QCOM,matched,QUALCOMM INCORPORATION,2,,
QCOM,matched,QUALCOMM INCORPORTAED,2,,
QCOM,matched,QUALCOMM INCORPOTATED,2,,
QCOM,matched,QUALCOMM INCORPRORATED,2,,
QCOM,matched,QUALCOMM INCROPORATED,2,,
QCOM,matched,QUALCOMM INCRORPORATED,2,,
QCOM,matched,QUALCOMM Incorporared,2,,
QCOM,matched,QUALCOMM Inorporated,2,,
QCOM,matched,QUALCOMM MEMES TECHNOLOGIES INC,2,,
QCOM,matched,QUALCOMMM INCORPORATED,2,,
QCOM,matched,QUALCOMM ALTHEROS INC,1,,
QCOM,matched,QUALCOMM ATHERONS INC,1,,
QCOM,matched,QUALCOMM ATHEROS Incorporate,1,,
QCOM,matched,QUALCOMM CORPORATED,1,,
QCOM,matched,QUALCOMM FYX INC,1,,
QCOM,matched,QUALCOMM IINCORPORATED,1,,
QCOM,matched,QUALCOMM IMCORPORATED,1,,
QCOM,matched,QUALCOMM INC 5775 MOREHOUSE DRIVESAN DIEGO92121 1714,1,,
QCOM,matched,QUALCOMM INC CT INC,1,,
QCOM,matched,QUALCOMM INCCORPORATED,1,,
QCOM,matched,QUALCOMM INCORPOARATED,1,,
QCOM,matched,QUALCOMM INCORPORAED,1,,
QCOM,matched,QUALCOMM INCORPORALED,1,,
QCOM,matched,QUALCOMM INCORPORATED INC,1,,
QCOM,matched,QUALCOMM INCORPORATEDS,1,,
QCOM,matched,QUALCOMM INCORPORATON,1,,
QCOM,matched,QUALCOMM INCORPORATRED,1,,
QCOM,matched,QUALCOMM INNVOATION CT INC,1,,
QCOM,matched,QUALCOMM Incoporpated,1,,
QCOM,matched,QUALCOMM Incoroprated,1,,
QCOM,matched,QUALCOMM Incorpor,1,,
QCOM,matched,QUALCOMM Incorporaeted,1,,
QCOM,matched,QUALCOMM Incorporaged,1,,
QCOM,matched,QUALCOMM Incorporate3d,1,,
QCOM,matched,QUALCOMM Incorporatead,1,,
QCOM,matched,QUALCOMM Incorporated4,1,,
QCOM,matched,QUALCOMM Incorporated—,1,,
QCOM,matched,QUALCOMM Incorporatied,1,,
QCOM,matched,QUALCOMM Incorpored,1,,
QCOM,matched,QUALCOMM Incorporeted,1,,
QCOM,matched,QUALCOMM Incorpprated,1,,
QCOM,matched,QUALCOMM Inncorporated,1,,
QCOM,matched,QUALCOMM Intercorporated,1,,
QCOM,matched,QUALCOMM MEMS,1,,
QCOM,matched,QUALCOMM MEMS TECHNOLOGIES CO,1,,
QCOM,matched,QUALCOMM MEMS TECHNOLOGY INC,1,,
QCOM,matched,QUALCOMM MEMS TECNOLOGIES INC,1,,
QCOM,matched,QUALCOMM MENS TECHNOLOGIES INC,1,,
QCOM,matched,QUALCOMM TECHNOLOGICS INC,1,,
QCOM,matched,QUALCOMM TECHNOLOGIES,1,,
QCOM,matched,QUALCOMM TECHNOLOGIES INTERNAT LTD,1,,
QCOM,matched,QUALCOMM UK LTD,1,,
QCOM,matched,QUALCOMM lncoroorated,1,,
QCOM,matched,QUALCOMM lncorporatecl,1,,
QCOM,matched,QUALCOMMS TECHNOLOGIES INC,1,,
QRVO,matched,QORVO US INC,1549,REVIEW,
QRVO,matched,QORVO BIOTECHNOLOGIES LLC,26,REVIEW,
QRVO,matched,QORVO INT PTE LTD,11,,
QRVO,matched,QORVO TEXAS LLC,5,,
QRVO,matched,QORVO PARIS,1,,
RFMD,matched,RF MICRO DEVICES INC,860,REVIEW,
RFMD,matched,RF MICRO DEVICES CAYMAN ISLANDS LTD,15,,
RFMD,matched,RF MICRO DEVICES (CAYMAN ISLANDS) LTD,4,,
RFMD,matched,RF MICRO DEVICES,1,,
SLAB,matched,SILICON LAB INC,1964,REVIEW,
SLAB,matched,SILICON LABS CP INC,52,REVIEW,
SLAB,matched,SILICON LAB,22,REVIEW,
SLAB,matched,SILICON LABORATORIES FINLAND OY,8,,
SLAB,matched,SILICON LABS SC INC,8,,
SLAB,matched,SILICON LABS SPECTRA INC,8,,
SLAB,matched,SILICON LAB FINLAND OY,5,,
SLAB,matched,SILICON LABORATORIES,3,,
SLAB,matched,SILICON LAB NORWAY AS,2,,
SLAB,matched,SILICON LABORATOIRES INC,2,,
SLAB,matched,SILICON LAB CP INC,1,,
SLAB,matched,SILICON LABORATIORIES INC,1,,
SLAB,matched,SILICON LABORATORIES NORWAY AS,1,,
SLAB,matched,SILICON LABORATRIES INC,1,,
SLAB,matched,SILICON LABORTORIES INC,1,,
SLAB,matched,SILICON LABS ISOLATION INC,1,,
SMTC,matched,SEMTECH CORP,301,REVIEW,
SMTC,matched,SEMTECH CANADA CORP,13,,
SMTC,matched,SEMTECH CANADA INC,4,,
SMTC,matched,SEMTECH NEUCHATEL SA,4,,
SMTC,matched,SEMTECH INTERNAT AG,3,,
SMTC,matched,SEMTECH INT AG,2,,
SMTC,matched,SEMTECH NEW YORK CORP,2,,
SMTC,matched,SEMTECH EV INC,1,,
SMTC,matched,SEMTECH INC,1,,
SWKS,matched,SKYWORKS SOLUTIONS INC,3760,REVIEW,
SWKS,matched,SKYWORKS GLOBAL PTE LTD,127,REVIEW,
SWKS,matched,SKYWORKS PANASONIC FILTER SOLUTIONS JAPAN CO LTD,42,REVIEW,
SWKS,matched,SKYWORKS FILTER SOLUTIONS JAPAN CO LTD,41,REVIEW,
SWKS,matched,SKYWORKS SOLUTION INC,10,,
SWKS,matched,SKYWORKS SOLUTIONS HONG KONG LTD,4,,
SWKS,matched,SKYWORKS GLOBAL INC,3,,
SWKS,matched,SKYWORKS AERONAUTICS CORP,2,,
SWKS,matched,SKYWORKS INTERACTIVE INC,2,,
SWKS,matched,SKYWORKS SOLUTONS INC,2,,
SWKS,matched,SKYWORKS VENTURES INC,2,,
SWKS,matched,SKYWORKS INC,1,,
SWKS,matched,SKYWORKS SOLULTIONS INC,1,,
SWKS,matched,SKYWORKS SOLUTEQNS ENC,1,,
SWKS,matched,SKYWORKS SOLUTIIONS INC,1,,
SWKS,matched,SKYWORKS SOULTIONS INC,1,,
SYNA,matched,SYNAPTICS INC,1571,REVIEW,
SYNA,matched,SYNAPTICS JAPAN GK,109,REVIEW,
SYNA,matched,SYNAPTICS DISPLAY DEVICES GK,53,REVIEW,
SYNA,matched,SYNAPTICS DISPLAY DEVICES KK,30,REVIEW,
SYNA,matched,SYNAPTICS UK LTD,20,REVIEW,
SYNA,matched,SYNAPTICS LLC,5,,
SYNA,matched,SYNAPTICS CORP,3,,
SYNA,matched,SYNAPTICS INC A CALIFORNIA COR,3,,
SYNA,matched,SYNAPTICS INCORPORATED,2,,
SYNA,matched,SYNAPTICS BOULEVARD,1,,
SYNA,matched,SYNAPTICS INCORPORTED,1,,
SYNA,matched,SYNAPTICS INFORJPORATED,1,,
SYNA,matched,SYNAPTICS INFORPORATED,1,,
TQNT,matched,TRIQUINT SEMICONDUCTOR INC,283,REVIEW,
TQNT,matched,TRIQUINT TECHNOLOGY HOLDING CO,71,REVIEW,
TQNT,matched,TRIQUINT INC,4,,
TQNT,matched,TRIQUINT CW INC,3,,
TQNT,matched,TRIQUINT SEMICONDUCTORS INC,3,,
TQNT,matched,TRIQUINT SEMICONDUCTOR CORP,2,,
TQNT,matched,TRIQUINT,1,,
TQNT,matched,TRIQUINT INTERNAT PTE LTD,1,,
TQNT,matched,TRIQUINT SEMICONDUCTOR,1,,
TQNT,matched,TRIQUINT SEMICONDUCTOR TEXAS I,1,,
TQNT,matched,TRIQUINT SEMICONDUCTORS TEXAS,1,,
TQNT,matched,TRIQUINT TECHNOLOGIES HOLDING,1,,
TQNT,matched,TRIQUINT TECHNOLOGY HOLDING IN,1,,
TQNT,matched,TRIQUINTO SEMICONDUCTOR INC,1,,
TXN,matched,TEXAS INSTRUMENTS INC,36375,REVIEW,
TXN,matched,TEXAS INSTRUMENTS DEUTSCHLAND,567,REVIEW,
TXN,matched,TEXAS INSTRUMENTS JAPAN,18,,
TXN,matched,TEXAS INSTRUMENTS CORP,7,,
TXN,matched,TEXAS INSTRUMENTS HOLLAND,4,,
TXN,matched,TEXAS INSTRUMENTSINCORPORATED,1,,
WOLF,matched,CREE INC,2710,REVIEW,
WOLF,matched,WOLFSPEED INC,487,REVIEW,
WOLF,matched,CREELED INC,224,REVIEW,
WOLF,matched,CREE LED LIGHTING SOLUTIONS,83,REVIEW,
WOLF,matched,CREE RESEARCH INC,48,REVIEW,
WOLF,matched,CREE FAYETTEVILLE INC,44,REVIEW,
WOLF,matched,CREE HONG KONG LTD,27,REVIEW,
WOLF,matched,CREE LIGHTING USA LLC,25,REVIEW,
WOLF,matched,CREE MICROWAVE INC,20,REVIEW,
WOLF,matched,CREE LIGHTING CO,19,,
WOLF,matched,CREELMAN ROBERT A,18,,
WOLF,matched,CREE HUIZHOU SOLID STATE LIGHTING CO LTD,16,,
WOLF,matched,CREE JAMES W,13,,
WOLF,matched,CREE HUIZHOU OPTO LTD,10,,
WOLF,matched,CREEK CHUB BAIT CO,10,,
WOLF,matched,CREEK CHUB BAIT COMPANY,9,,
WOLF,matched,CREETH ANDREW MARTIN,9,,
WOLF,matched,CREEK WEARABLE TECH CO LTD,8,,
WOLF,matched,CREEK CHANNEL INC,7,,
WOLF,matched,CREE ROBERT E,6,,
WOLF,matched,CREELMAN RAYMOND C,6,,
WOLF,matched,CREE MICROWAVE LLC,5,,
WOLF,matched,CREE SWEDEN AB,5,,
WOLF,matched,CREEHAN KEVIN,5,,
WOLF,matched,CREEKMORE THOMAS D,5,,
WOLF,matched,CREE STEPHEN H,4,,
WOLF,matched,CREECH CLYDE W,4,,
WOLF,matched,CREECH GEORGE EDWARD,4,,
WOLF,matched,CREECH GERALD ROBERT,4,,
WOLF,matched,CREEGAN CHRISTINE A,4,,
WOLF,matched,CREEK WILSON,4,,
WOLF,matched,CREEKBAUM WILLIAM J,4,,
WOLF,matched,CREEMER DAVID Z,4,,
WOLF,matched,CREE MARK U,3,,
WOLF,matched,CREECH JOHN S,3,,
WOLF,matched,CREECH JR CHARLES L,3,,
WOLF,matched,CREECH MERL D,3,,
WOLF,matched,CREECH MICHAEL A,3,,
WOLF,matched,CREECH RICHARD D,3,,
WOLF,matched,CREECY CHARLES T,3,,
WOLF,matched,CREEK JOHN AUBREY,3,,
WOLF,matched,CREEK KATHRYN L,3,,
WOLF,matched,CREEK ROADS,3,,
WOLF,matched,CREEK STEVEN W,3,,
WOLF,matched,CREEKSIDE INVEST INCORPORATED,3,,
WOLF,matched,CREELEY PATENT LLC,3,,
WOLF,matched,CREELMAN JOSHUA,3,,
WOLF,matched,CREELMAN ROBERT,3,,
WOLF,matched,CREEMERS TIJSBERT M H,3,,
WOLF,matched,CREERY ROY V,3,,
WOLF,matched,CREESENSE MICROSYSTEMS INC,3,,
WOLF,matched,CREETH JONATHAN E,3,,
WOLF,matched,CREEVY EDWARD F,3,,
WOLF,matched,CREE AND COMPANY,2,,
WOLF,matched,CREE FRANCIS SR,2,,
WOLF,matched,CREE IAN C,2,,
WOLF,matched,CREE IAN CAMPBELL,2,,
WOLF,matched,CREE JAMES SIME,2,,
WOLF,matched,CREECH CLAUDE S,2,,
WOLF,matched,CREECH DEBORAH LOU,2,,
WOLF,matched,CREECH EVANS S,2,,
WOLF,matched,CREECH JASON ALLEN,2,,
WOLF,matched,CREECH JESSE E,2,,
WOLF,matched,CREECH JOHN,2,,
WOLF,matched,CREECH JR CHARLES NOEL,2,,
WOLF,matched,CREECH JR FREDERICK WORTH,2,,
WOLF,matched,CREECH LAURA ASHLEY,2,,
WOLF,matched,CREECH SAMUEL E,2,,
WOLF,matched,CREECH VIRGIL W,2,,
WOLF,matched,CREECH WILLIAM G,2,,
WOLF,matched,CREEGAN VINNIE F,2,,
WOLF,matched,CREEGER SAMUEL M,2,,
WOLF,matched,CREEHAN EDWARD P,2,,
WOLF,matched,CREEK BARRETT SHANTIA,2,,
WOLF,matched,CREEK GRACE,2,,
WOLF,matched,CREEKMORE DONNIE LEE,2,,
WOLF,matched,CREEKMORE JOSEPH RICHARD,2,,
WOLF,matched,CREEL CHRISTOPHER T,2,,
WOLF,matched,CREEL ERNEST S,2,,
WOLF,matched,CREEL HOWARD S,2,,
WOLF,matched,CREEL JACK R,2,,
WOLF,matched,CREEL JOHN,2,,
WOLF,matched,CREELMAN CHARLIE,2,,
WOLF,matched,CREELY HILLIARY,2,,
WOLF,matched,CREEMER LAWRENCE C,2,,
WOLF,matched,CREEMERS ESTHER E,2,,
WOLF,matched,CREEMERS ESTHER ELISA JOHANNA MARIA,2,,
WOLF,matched,CREEPSERVICE SARL,2,,
WOLF,matched,CREERY STEVENSON ANDREW,2,,
WOLF,matched,CREES S,2,,
WOLF,matched,CREESE RANDY,2,,
WOLF,matched,CREETH ANDREW,2,,
WOLF,matched,CREETH GEORGE A,2,,
WOLF,matched,CREE BECKER OIL TOOL COMPANY,1,,
WOLF,matched,CREE CHARLES M,1,,
WOLF,matched,CREE DAVID,1,,
WOLF,matched,CREE DULLES INC,1,,
WOLF,matched,CREE GMBH,1,,
WOLF,matched,CREE HIUZHOU SOLID STATE LIGHTING COMPANY LTD,1,,
WOLF,matched,CREE HUIZ SOLID STATE LIGHTING COMPANY LTD,1,,
WOLF,matched,CREE HUIZHOU SOLID STATE LIGHTING COMAPNY LTD,1,,
WOLF,matched,CREE HUIZHOU SOLID STATE LIGHTING LTD,1,,
WOLF,matched,CREE IAN A,1,,
WOLF,matched,CREE JOHN A,1,,
WOLF,matched,CREE JR GEORGE B,1,,
WOLF,matched,CREE JR GEORGE BENSON,1,,
WOLF,matched,CREE LED INC,1,,
WOLF,matched,CREE LIGHTING COMPANY AND REGE,1,,
WOLF,matched,CREE LIGHTING COMPANY INC,1,,
WOLF,matched,CREE MARION S,1,,
WOLF,matched,CREE MICHAEL,1,,
WOLF,matched,CREE MICHAEL JOHN,1,,
WOLF,matched,CREE RESEARCH,1,,
WOLF,matched,CREE TERRY,1,,
WOLF,matched,CREE VAUGHAN HOMER,1,,
WOLF,matched,CREE WILLIAM D,1,,
WOLF,matched,CREEARS T H CORP,1,,
WOLF,matched,CREECH CECIL K,1,,
WOLF,matched,CREECH CHRISTOPHER D,1,,
WOLF,matched,CREECH DAVID,1,,
WOLF,matched,CREECH DAVID E,1,,
WOLF,matched,CREECH DAVID R,1,,
WOLF,matched,CREECH DAVID THOMAS,1,,
WOLF,matched,CREECH DEAN B,1,,
WOLF,matched,CREECH EDWARD T,1,,
WOLF,matched,CREECH FREDERICK W,1,,
WOLF,matched,CREECH GARRY,1,,
WOLF,matched,CREECH GEORGE W,1,,
WOLF,matched,CREECH GERALD R,1,,
WOLF,matched,CREECH ISAAC H,1,,
WOLF,matched,CREECH JAMES,1,,
WOLF,matched,CREECH JEFFREY L,1,,
WOLF,matched,CREECH JESSE J,1,,
WOLF,matched,CREECH JOHN MICHAEL,1,,
WOLF,matched,CREECH JOSHUA S,1,,
WOLF,matched,CREECH JR CHARLES M,1,,
WOLF,matched,CREECH JR EDWARD D,1,,
WOLF,matched,CREECH JR JACKIE DOYLE,1,,
WOLF,matched,CREECH JR ROBERT CHARLES,1,,
WOLF,matched,CREECH LARRY C,1,,
WOLF,matched,CREECH LAURA A,1,,
WOLF,matched,CREECH LAVERN M,1,,
WOLF,matched,CREECH LEON K,1,,
WOLF,matched,CREECH MIKE,1,,
WOLF,matched,CREECH NEAL,1,,
WOLF,matched,CREECH SR SR KERMIT L,1,,
WOLF,matched,CREECH SUSAN,1,,
WOLF,matched,CREECH TAYLOR W,1,,
WOLF,matched,CREECH THOMAS W,1,,
WOLF,matched,CREECH TRAVIS,1,,
WOLF,matched,CREECH WILBUR L,1,,
WOLF,matched,CREECH WILLIAM,1,,
WOLF,matched,CREECH WILLIAM C,1,,
WOLF,matched,CREECH WILLIAM J,1,,
WOLF,matched,CREECH WILLIAM N A,1,,
WOLF,matched,CREECH WILLIAM NELSON ADDISON,1,,
WOLF,matched,CREECY COURTNEY M,1,,
WOLF,matched,CREECY SAUNDRA,1,,
WOLF,matched,CREEGAN CHRIS,1,,
WOLF,matched,CREEGAN JOHN,1,,
WOLF,matched,CREEGAN PATRICK J,1,,
WOLF,matched,CREEGAN ROARK RURIC,1,,
WOLF,matched,CREEGAN ROSEMARIE A,1,,
WOLF,matched,CREEGER CHARLES O,1,,
WOLF,matched,CREEHAN KEVIN DENNIS,1,,
WOLF,matched,CREEK ALLEN B,1,,
WOLF,matched,CREEK BRANDEN,1,,
WOLF,matched,CREEK DARREN J,1,,
WOLF,matched,CREEK DOMONIC T,1,,
WOLF,matched,CREEK E,1,,
WOLF,matched,CREEK ELECTRONICS INC,1,,
WOLF,matched,CREEK ELLIS A,1,,
WOLF,matched,CREEK ELLIS E,1,,
WOLF,matched,CREEK JEFFERSON L,1,,
WOLF,matched,CREEK JOHN O,1,,
WOLF,matched,CREEK KIM E,1,,
WOLF,matched,CREEK KIMBERLY,1,,
WOLF,matched,CREEK PATH SYSTEMS,1,,
WOLF,matched,CREEK RAYMOND A,1,,
WOLF,matched,CREEK ROAD ORTHODONTICS AND PEDIATRIC DENTISTRY,1,,
WOLF,matched,CREEK ROY EDWARD,1,,
WOLF,matched,CREEK SIMON RICHARD,1,,
WOLF,matched,CREEK WALTER O,1,,
WOLF,matched,CREEK WILLIAM R,1,,
WOLF,matched,CREEK WILLIAM ROBERT,1,,
WOLF,matched,CREEKMORE LOUIS HERMAN,1,,
WOLF,matched,CREEKMORE MARK JR,1,,
WOLF,matched,CREEKMORE MICHAEL L,1,,
WOLF,matched,CREEKMORE MICHAEL LYNN,1,,
WOLF,matched,CREEKMORE NORMAN L,1,,
WOLF,matched,CREEKMORE RICHARD J R,1,,
WOLF,matched,CREEKMORE TERRY GENE,1,,
WOLF,matched,CREEKVIEW PRODUCTIONS LLC,1,,
WOLF,matched,CREEKWOOD FARMS INC,1,,
WOLF,matched,CREEL AMY MAURER,1,,
WOLF,matched,CREEL BOBBY GLEN,1,,
WOLF,matched,CREEL BRYAN S,1,,
WOLF,matched,CREEL CHRISTOPHER,1,,
WOLF,matched,CREEL EDWIN J,1,,
WOLF,matched,CREEL GARY,1,,
WOLF,matched,CREEL JAMES E,1,,
WOLF,matched,CREEL JASPER HENRY,1,,
WOLF,matched,CREEL JOHN C,1,,
WOLF,matched,CREEL JOHN MATTHEW,1,,
WOLF,matched,CREEL JOHNNIE E,1,,
WOLF,matched,CREEL JR THEODORE R,1,,
WOLF,matched,CREEL JULIA,1,,
WOLF,matched,CREEL KIRBY B,1,,
WOLF,matched,CREEL LISA,1,,
WOLF,matched,CREEL MYRON D,1,,
WOLF,matched,CREEL PRENTICE G,1,,
WOLF,matched,CREEL SABRINA N,1,,
WOLF,matched,CREEL SILAS,1,,
WOLF,matched,CREEL TERESA LYNNE,1,,
WOLF,matched,CREEL TOMMY C,1,,
WOLF,matched,CREEL TYLER GLEN,1,,
WOLF,matched,CREEL WALTER PERRY,1,,
WOLF,matched,CREEL WILLIAM R,1,,
WOLF,matched,CREEL WILLIAM W,1,,
WOLF,matched,CREEL WILLIE C,1,,
WOLF,matched,CREELAN SAMUEL H,1,,
WOLF,matched,CREELEY ABBOT CHARLES,1,,
WOLF,matched,CREELEY JACOB,1,,
WOLF,matched,CREELEY SCOTT ALEX,1,,
WOLF,matched,CREELIN EDWIN W,1,,
WOLF,matched,CREELMAN ALVAH LEWIS,1,,
WOLF,matched,CREELMAN ASHMORE W,1,,
WOLF,matched,CREELMAN EVAN,1,,
WOLF,matched,CREELMAN GEORGE D,1,,
WOLF,matched,CREELMAN JIM,1,,
WOLF,matched,CREELMAN JOHN,1,,
WOLF,matched,CREELMAN KEVIN,1,,
WOLF,matched,CREELMAN RICHARD IRVINE,1,,
WOLF,matched,CREELMAN ROBERT WILLIAM,1,,
WOLF,matched,CREELMAN SAMUEL A,1,,
WOLF,matched,CREELY J,1,,
WOLF,matched,CREELY WILLIAM,1,,
WOLF,matched,CREELY WILLIAM G,1,,
WOLF,matched,CREEM JEFFREY M,1,,
WOLF,matched,CREEMER DAVID,1,,
WOLF,matched,CREEMER JAN FREDRIK,1,,
WOLF,matched,CREEMERS PIET,1,,
WOLF,matched,CREEMERS TIJSBERT MATHIEU H,1,,
WOLF,matched,CREEN JOHN JAY,1,,
WOLF,matched,CREEPCHECK COMPANY INC,1,,
WOLF,matched,CREES CHARLES WESLEY,1,,
WOLF,matched,CREES CRAIG A,1,,
WOLF,matched,CREES LAWRENCE CARL,1,,
WOLF,matched,CREES SILAS R,1,,
WOLF,matched,CREES SILAS RAY,1,,
WOLF,matched,CREESE ALFRED EDWARD,1,,
WOLF,matched,CREESE DAVID C,1,,
WOLF,matched,CREESE DONALD L,1,,
WOLF,matched,CREESE HENRY,1,,
WOLF,matched,CREESE WILLIAM M,1,,
WOLF,matched,CREETH ANDY,1,,
WOLF,matched,CREETH JONATHAN EDWARD,1,,
WOLF,matched,CREETH RICHARD F,1,,
WOLF,matched,CREEVY JOHN L,1,,
WOLF,matched,CREEVY KEVIN SCOTT,1,,
WOLF,matched,CREEXT,1,,
XLNX,matched,XILINX INC,5323,REVIEW,
XLNX,matched,XILINX TECH BEIJING LIMITED,6,,
XLNX,matched,XILINX DEV CORPORATION ITALY BRANCH,1,,
XLNX,matched,XILINX INC LONGMONT,1,,
